run,commit,prompt_sha,game,pass,pass_dir,trial,score,levels_completed,total_levels,state,turns,actions,rounds,max_level_seen,turns_any_field,pct_turns_any_field,turns_model_talk,turns_with_prose,World model,Goal model,Action model,Recent findings,Open questions,Plan,Cross-level notes
20260830_104347_prompt-static-to-system,b7f05fed08c3,b82517d15703,ar25-0c556536,0,0,0,31.67967537414385,5.0,8,gave_up,39,265,48,6,5,12.821,11,39,1,1,0,0,0,3,0
20260830_104347_prompt-static-to-system,b7f05fed08c3,b82517d15703,ar25-0c556536,1,0,1,41.66666666666667,5.0,8,gave_up,30,219,48,6,3,10.0,17,30,1,0,0,0,0,3,0
20260830_104347_prompt-static-to-system,b7f05fed08c3,b82517d15703,ar25-0c556536,2,0,2,0.008199112894418166,1.0,8,gave_up,42,604,52,2,1,2.381,10,40,0,1,0,0,0,1,0
20260830_104347_prompt-static-to-system,b7f05fed08c3,b82517d15703,ar25-0c556536,3,0,3,2.7777777777777777,1.0,8,gave_up,25,102,38,2,1,4.0,16,25,1,0,0,0,0,0,0
20260830_104347_prompt-static-to-system,b7f05fed08c3,b82517d15703,ar25-0c556536,4,0,4,27.77777777777778,4.0,8,gave_up,39,179,51,5,1,2.564,15,39,0,0,0,0,0,1,0
20260830_104347_prompt-static-to-system,b7f05fed08c3,b82517d15703,bp35-0a0ad940,0,0,0,0.0,0.0,9,gave_up,45,400,54,1,3,6.667,10,41,0,1,0,0,0,3,1
20260830_104347_prompt-static-to-system,b7f05fed08c3,b82517d15703,bp35-0a0ad940,1,0,1,0.8477508650519032,1.0,9,gave_up,34,129,48,2,2,5.882,10,34,0,0,0,0,0,2,0
20260830_104347_prompt-static-to-system,b7f05fed08c3,b82517d15703,bp35-0a0ad940,2,0,2,0.0,0.0,9,gave_up,41,273,52,1,2,4.878,17,40,0,1,1,0,0,2,0
20260830_104347_prompt-static-to-system,b7f05fed08c3,b82517d15703,bp35-0a0ad940,3,0,3,0.37677816224529026,1.0,9,gave_up,56,256,63,2,5,8.929,11,55,1,0,0,0,1,5,0
20260830_104347_prompt-static-to-system,b7f05fed08c3,b82517d15703,bp35-0a0ad940,4,0,4,0.04132231404958677,1.0,9,gave_up,24,165,45,2,3,12.5,16,24,0,0,0,1,0,2,0
20260830_104347_prompt-static-to-system,b7f05fed08c3,b82517d15703,cd82-fb555c5d,0,0,0,4.761904761904762,1.0,6,gave_up,38,101,52,2,0,0.0,11,36,0,0,0,0,0,0,0
20260830_104347_prompt-static-to-system,b7f05fed08c3,b82517d15703,cd82-fb555c5d,1,0,1,8.58600583090379,2.0,6,gave_up,28,68,45,3,0,0.0,6,28,0,0,0,0,0,0,0
20260830_104347_prompt-static-to-system,b7f05fed08c3,b82517d15703,cd82-fb555c5d,2,0,2,7.585269401878398,2.0,6,gave_up,38,98,51,3,1,2.632,12,35,0,0,0,0,0,1,0
20260830_104347_prompt-static-to-system,b7f05fed08c3,b82517d15703,cd82-fb555c5d,3,0,3,5.498578862215226,2.0,6,gave_up,56,298,65,3,2,3.571,14,55,2,0,0,1,1,1,0
20260830_104347_prompt-static-to-system,b7f05fed08c3,b82517d15703,cd82-fb555c5d,4,0,4,0.0,0.0,6,gave_up,32,118,39,1,2,6.25,10,31,1,0,0,0,0,1,0
20260830_104347_prompt-static-to-system,b7f05fed08c3,b82517d15703,cn04-2fe56bfb,0,0,0,1.539700847659325,1.0,6,gave_up,45,120,53,2,1,2.222,17,44,0,1,0,0,0,0,0
20260830_104347_prompt-static-to-system,b7f05fed08c3,b82517d15703,cn04-2fe56bfb,1,0,1,0.0,0.0,6,gave_up,44,143,50,1,7,15.909,11,44,1,0,0,0,1,6,0
20260830_104347_prompt-static-to-system,b7f05fed08c3,b82517d15703,cn04-2fe56bfb,2,0,2,4.761904761904762,1.0,6,gave_up,15,51,34,2,2,13.333,5,14,1,0,0,0,0,1,0
20260830_104347_prompt-static-to-system,b7f05fed08c3,b82517d15703,cn04-2fe56bfb,3,0,3,14.285714285714285,2.0,6,gave_up,40,115,50,3,4,10.0,19,39,1,1,0,1,0,2,0
20260830_104347_prompt-static-to-system,b7f05fed08c3,b82517d15703,cn04-2fe56bfb,4,0,4,0.0,0.0,6,gave_up,34,114,47,1,0,0.0,0,0,0,0,0,0,0,0,0
20260830_104347_prompt-static-to-system,b7f05fed08c3,b82517d15703,dc22-fdcac232,0,0,0,11.29078477047968,2.0,6,gave_up,55,226,66,3,1,1.818,8,28,1,0,0,0,0,0,0
20260830_104347_prompt-static-to-system,b7f05fed08c3,b82517d15703,dc22-fdcac232,1,0,1,14.240655198798425,2.0,6,gave_up,50,220,61,3,1,2.0,2,21,1,0,0,1,0,1,0
20260830_104347_prompt-static-to-system,b7f05fed08c3,b82517d15703,dc22-fdcac232,2,0,2,0.19574863872876413,1.0,6,gave_up,52,334,59,2,0,0.0,21,51,0,0,0,0,0,0,0
20260830_104347_prompt-static-to-system,b7f05fed08c3,b82517d15703,dc22-fdcac232,3,0,3,13.582053950343388,2.0,6,gave_up,65,243,72,3,1,1.538,5,26,0,0,0,0,0,1,0
20260830_104347_prompt-static-to-system,b7f05fed08c3,b82517d15703,dc22-fdcac232,4,0,4,0.0,0.0,6,gave_up,37,210,47,1,1,2.703,12,37,1,0,0,0,0,0,0
20260830_104347_prompt-static-to-system,b7f05fed08c3,b82517d15703,ft09-0d8bbf25,0,0,0,23.80859375,3.0,6,gave_up,22,93,41,4,1,4.545,13,22,1,0,0,0,0,1,0
20260830_104347_prompt-static-to-system,b7f05fed08c3,b82517d15703,ft09-0d8bbf25,1,0,1,28.57142857142857,3.0,6,gave_up,14,67,33,4,5,35.714,12,14,1,0,0,0,1,5,0
20260830_104347_prompt-static-to-system,b7f05fed08c3,b82517d15703,ft09-0d8bbf25,2,0,2,28.57142857142857,3.0,6,gave_up,27,113,42,4,0,0.0,13,27,0,0,0,0,0,0,0
20260830_104347_prompt-static-to-system,b7f05fed08c3,b82517d15703,ft09-0d8bbf25,3,0,3,14.285714285714285,2.0,6,gave_up,40,124,54,3,2,5.0,16,40,2,0,0,0,1,0,0
20260830_104347_prompt-static-to-system,b7f05fed08c3,b82517d15703,ft09-0d8bbf25,4,0,4,21.662049861495845,3.0,6,gave_up,31,138,48,4,0,0.0,11,28,0,0,0,0,0,0,0
20260830_104347_prompt-static-to-system,b7f05fed08c3,b82517d15703,g50t-5849a774,0,0,0,0.0,0.0,7,gave_up,30,96,45,1,1,3.333,7,15,0,0,0,0,1,1,0
20260830_104347_prompt-static-to-system,b7f05fed08c3,b82517d15703,g50t-5849a774,1,0,1,0.0,0.0,7,gave_up,29,79,48,1,0,0.0,11,24,0,0,0,0,0,0,0
20260830_104347_prompt-static-to-system,b7f05fed08c3,b82517d15703,g50t-5849a774,2,0,2,0.8178166821698758,1.0,7,gave_up,35,198,50,2,1,2.857,12,34,1,0,0,0,0,0,0
20260830_104347_prompt-static-to-system,b7f05fed08c3,b82517d15703,g50t-5849a774,3,0,3,0.0,0.0,7,gave_up,29,199,46,1,0,0.0,13,29,0,0,0,0,0,0,0
20260830_104347_prompt-static-to-system,b7f05fed08c3,b82517d15703,g50t-5849a774,4,0,4,0.0,0.0,7,gave_up,25,209,41,1,0,0.0,13,24,0,0,0,0,0,0,0
20260830_104347_prompt-static-to-system,b7f05fed08c3,b82517d15703,ka59-38d34dbb,0,0,0,3.571428571428571,1.0,7,gave_up,20,49,34,2,2,10.0,9,19,1,0,0,0,0,2,0
20260830_104347_prompt-static-to-system,b7f05fed08c3,b82517d15703,ka59-38d34dbb,1,0,1,1.939058171745152,1.0,7,gave_up,26,85,44,2,0,0.0,7,25,0,0,0,0,0,0,0
20260830_104347_prompt-static-to-system,b7f05fed08c3,b82517d15703,ka59-38d34dbb,2,0,2,10.714285714285714,2.0,7,gave_up,42,199,51,3,0,0.0,20,41,0,0,0,0,0,0,0
20260830_104347_prompt-static-to-system,b7f05fed08c3,b82517d15703,ka59-38d34dbb,3,0,3,3.111111111111111,1.0,7,gave_up,16,37,26,2,1,6.25,5,16,0,0,0,0,0,1,0
20260830_104347_prompt-static-to-system,b7f05fed08c3,b82517d15703,ka59-38d34dbb,4,0,4,10.714285714285714,2.0,7,gave_up,33,158,46,3,0,0.0,12,33,0,0,0,0,0,0,0
20260830_104347_prompt-static-to-system,b7f05fed08c3,b82517d15703,lf52-271a04aa,0,0,0,1.8181818181818181,1.0,10,gave_up,55,218,63,2,1,1.818,19,55,1,0,0,0,0,1,0
20260830_104347_prompt-static-to-system,b7f05fed08c3,b82517d15703,lf52-271a04aa,1,0,1,4.2967321140398065,2.0,10,gave_up,80,160,91,3,1,1.25,23,78,0,0,0,0,0,1,0
20260830_104347_prompt-static-to-system,b7f05fed08c3,b82517d15703,lf52-271a04aa,2,0,2,1.8181818181818181,1.0,10,gave_up,66,234,72,2,1,1.515,15,53,1,0,0,0,0,0,0
20260830_104347_prompt-static-to-system,b7f05fed08c3,b82517d15703,lf52-271a04aa,3,0,3,1.8181818181818181,1.0,10,gave_up,53,145,68,2,1,1.887,12,49,1,0,0,0,1,0,0
20260830_104347_prompt-static-to-system,b7f05fed08c3,b82517d15703,lf52-271a04aa,4,0,4,1.7096585691627015,1.0,10,gave_up,55,125,62,2,1,1.818,17,54,1,0,0,0,0,1,0
20260830_104347_prompt-static-to-system,b7f05fed08c3,b82517d15703,lp85-305b61c3,0,0,0,8.333333333333332,2.0,8,gave_up,17,37,36,3,2,11.765,8,16,0,0,1,0,0,1,0
20260830_104347_prompt-static-to-system,b7f05fed08c3,b82517d15703,lp85-305b61c3,1,0,1,41.66666666666667,5.0,8,gave_up,25,97,32,6,1,4.0,16,25,0,0,0,0,0,1,0
20260830_104347_prompt-static-to-system,b7f05fed08c3,b82517d15703,lp85-305b61c3,2,0,2,16.666666666666664,3.0,8,gave_up,26,74,46,4,1,3.846,13,26,1,0,0,0,1,1,0
20260830_104347_prompt-static-to-system,b7f05fed08c3,b82517d15703,lp85-305b61c3,3,0,3,16.666666666666664,3.0,8,gave_up,22,42,41,4,2,9.091,10,22,1,1,0,0,0,1,0
20260830_104347_prompt-static-to-system,b7f05fed08c3,b82517d15703,lp85-305b61c3,4,0,4,7.576429980276135,2.0,8,gave_up,25,79,41,3,2,8.0,13,24,2,0,0,0,1,0,0
20260830_104347_prompt-static-to-system,b7f05fed08c3,b82517d15703,ls20-9607627b,0,0,0,3.571428571428571,1.0,7,gave_up,22,179,41,2,2,9.091,10,22,1,0,0,0,0,2,0
20260830_104347_prompt-static-to-system,b7f05fed08c3,b82517d15703,ls20-9607627b,1,0,1,2.5570583262890954,1.0,7,gave_up,27,227,46,2,0,0.0,14,27,0,0,0,0,0,0,0
20260830_104347_prompt-static-to-system,b7f05fed08c3,b82517d15703,ls20-9607627b,2,0,2,2.7657142857142856,1.0,7,gave_up,22,131,49,2,1,4.545,13,22,0,0,0,1,0,1,0
20260830_104347_prompt-static-to-system,b7f05fed08c3,b82517d15703,ls20-9607627b,3,0,3,0.0,0.0,7,gave_up,43,316,48,1,2,4.651,19,42,1,0,0,0,1,1,0
20260830_104347_prompt-static-to-system,b7f05fed08c3,b82517d15703,ls20-9607627b,4,0,4,3.571428571428571,1.0,7,gave_up,30,359,48,2,1,3.333,13,29,1,0,0,0,0,0,0
20260830_104347_prompt-static-to-system,b7f05fed08c3,b82517d15703,m0r0-492f87ba,0,0,0,1.6477179106936892,1.0,6,gave_up,23,108,46,2,1,4.348,11,22,1,0,0,0,0,1,0
20260830_104347_prompt-static-to-system,b7f05fed08c3,b82517d15703,m0r0-492f87ba,1,0,1,0.0,0.0,6,gave_up,47,281,59,1,1,2.128,18,46,1,0,0,0,0,0,0
20260830_104347_prompt-static-to-system,b7f05fed08c3,b82517d15703,m0r0-492f87ba,2,0,2,0.1352643064548127,1.0,6,gave_up,36,192,53,2,0,0.0,7,34,0,0,0,0,0,0,0
20260830_104347_prompt-static-to-system,b7f05fed08c3,b82517d15703,m0r0-492f87ba,3,0,3,0.9001710324961743,1.0,6,gave_up,34,165,49,2,5,14.706,16,34,1,0,0,0,0,4,0
20260830_104347_prompt-static-to-system,b7f05fed08c3,b82517d15703,m0r0-492f87ba,4,0,4,0.0,0.0,6,gave_up,37,171,58,1,0,0.0,9,37,0,0,0,0,0,0,0
20260830_104347_prompt-static-to-system,b7f05fed08c3,b82517d15703,r11l-495a7899,0,0,0,3.6876190476190476,1.0,6,gave_up,46,64,64,2,2,4.348,19,46,1,0,0,0,0,1,0
20260830_104347_prompt-static-to-system,b7f05fed08c3,b82517d15703,r11l-495a7899,1,0,1,4.761904761904762,1.0,6,gave_up,37,64,47,2,3,8.108,13,37,0,0,0,1,0,2,0
20260830_104347_prompt-static-to-system,b7f05fed08c3,b82517d15703,r11l-495a7899,2,0,2,4.761904761904762,1.0,6,gave_up,31,50,50,2,0,0.0,12,29,0,0,0,0,0,0,0
20260830_104347_prompt-static-to-system,b7f05fed08c3,b82517d15703,r11l-495a7899,3,0,3,4.761904761904762,1.0,6,gave_up,13,15,36,2,0,0.0,8,13,0,0,0,0,0,0,0
20260830_104347_prompt-static-to-system,b7f05fed08c3,b82517d15703,r11l-495a7899,4,0,4,4.761904761904762,1.0,6,gave_up,33,54,52,2,2,6.061,11,32,2,0,0,0,0,2,0
20260830_104347_prompt-static-to-system,b7f05fed08c3,b82517d15703,re86-8af5384d,0,0,0,8.333333333333332,2.0,8,gave_up,32,394,42,3,4,12.5,13,32,3,1,0,0,0,3,0
20260830_104347_prompt-static-to-system,b7f05fed08c3,b82517d15703,re86-8af5384d,1,0,1,8.333333333333332,2.0,8,gave_up,43,260,59,3,2,4.651,10,43,1,0,0,0,0,1,0
20260830_104347_prompt-static-to-system,b7f05fed08c3,b82517d15703,re86-8af5384d,2,0,2,16.666666666666664,3.0,8,gave_up,37,445,53,4,0,0.0,12,28,0,0,0,0,0,0,0
20260830_104347_prompt-static-to-system,b7f05fed08c3,b82517d15703,re86-8af5384d,3,0,3,10.127102539063678,3.0,8,gave_up,26,247,41,4,2,7.692,15,25,1,0,0,1,0,1,0
20260830_104347_prompt-static-to-system,b7f05fed08c3,b82517d15703,re86-8af5384d,4,0,4,5.520425311352159,2.0,8,cancelled,26,138,38,3,1,3.846,16,26,0,0,0,0,0,1,0
20260830_104347_prompt-static-to-system,b7f05fed08c3,b82517d15703,s5i5-18d95033,0,0,0,2.7777777777777777,1.0,8,gave_up,25,47,41,2,1,4.0,10,25,0,0,0,0,0,1,0
20260830_104347_prompt-static-to-system,b7f05fed08c3,b82517d15703,s5i5-18d95033,1,0,1,1.4172335600907031,1.0,8,gave_up,40,119,49,2,0,0.0,11,38,0,0,0,0,0,0,0
20260830_104347_prompt-static-to-system,b7f05fed08c3,b82517d15703,s5i5-18d95033,2,0,2,0.4822530864197532,1.0,8,gave_up,43,120,57,2,0,0.0,16,43,0,0,0,0,0,0,0
20260830_104347_prompt-static-to-system,b7f05fed08c3,b82517d15703,s5i5-18d95033,3,0,3,2.7777777777777777,1.0,8,gave_up,28,170,43,2,1,3.571,12,28,0,0,0,0,1,0,0
20260830_104347_prompt-static-to-system,b7f05fed08c3,b82517d15703,s5i5-18d95033,4,0,4,2.7777777777777777,1.0,8,cancelled,28,51,36,2,1,3.571,9,26,1,0,0,0,0,0,0
20260830_104347_prompt-static-to-system,b7f05fed08c3,b82517d15703,sb26-7fbdac44,0,0,0,27.77777777777778,4.0,8,gave_up,34,157,54,5,0,0.0,14,33,0,0,0,0,0,0,0
20260830_104347_prompt-static-to-system,b7f05fed08c3,b82517d15703,sb26-7fbdac44,1,0,1,36.68813218618039,6.0,8,gave_up,35,247,52,7,1,2.857,16,35,0,0,0,0,0,1,0
20260830_104347_prompt-static-to-system,b7f05fed08c3,b82517d15703,sb26-7fbdac44,2,0,2,11.821536457720343,4.0,8,gave_up,46,196,55,5,4,8.696,18,45,3,0,0,1,0,1,0
20260830_104347_prompt-static-to-system,b7f05fed08c3,b82517d15703,sb26-7fbdac44,3,0,3,2.7777777777777777,1.0,8,gave_up,45,210,57,2,3,6.667,27,44,0,0,0,0,1,3,0
20260830_104347_prompt-static-to-system,b7f05fed08c3,b82517d15703,sb26-7fbdac44,4,0,4,27.77777777777778,4.0,8,cancelled,35,136,51,5,1,2.857,10,32,1,0,0,0,0,0,0
20260830_104347_prompt-static-to-system,b7f05fed08c3,b82517d15703,sc25-635fd71a,0,0,0,2.5135266169960047,3.0,6,gave_up,75,304,81,4,2,2.667,13,75,1,0,0,0,0,2,0
20260830_104347_prompt-static-to-system,b7f05fed08c3,b82517d15703,sc25-635fd71a,1,0,1,19.219216680755142,3.0,6,gave_up,69,254,73,4,0,0.0,22,67,0,0,0,0,0,0,0
20260830_104347_prompt-static-to-system,b7f05fed08c3,b82517d15703,sc25-635fd71a,2,0,2,17.861521028097556,3.0,6,gave_up,54,261,58,4,2,3.704,19,53,2,0,0,0,0,0,0
20260830_104347_prompt-static-to-system,b7f05fed08c3,b82517d15703,sc25-635fd71a,3,0,3,17.515712587056225,3.0,6,gave_up,67,260,75,4,1,1.493,3,53,0,1,0,0,0,0,0
20260830_104347_prompt-static-to-system,b7f05fed08c3,b82517d15703,sc25-635fd71a,4,0,4,24.718856641933566,3.0,6,gave_up,72,314,78,4,0,0.0,15,69,0,0,0,0,0,0,0
20260830_104347_prompt-static-to-system,b7f05fed08c3,b82517d15703,sk48-d8078629,0,0,0,0.0,0.0,8,gave_up,22,88,33,1,1,4.545,9,22,1,0,0,0,0,1,0
20260830_104347_prompt-static-to-system,b7f05fed08c3,b82517d15703,sk48-d8078629,1,0,1,2.7777777777777777,1.0,8,gave_up,17,71,30,2,2,11.765,10,17,0,0,0,0,0,2,0
20260830_104347_prompt-static-to-system,b7f05fed08c3,b82517d15703,sk48-d8078629,2,0,2,0.0,0.0,8,gave_up,21,32,31,1,1,4.762,4,17,0,0,0,0,0,1,0
20260830_104347_prompt-static-to-system,b7f05fed08c3,b82517d15703,sk48-d8078629,3,0,3,0.0,0.0,8,gave_up,25,65,33,1,0,0.0,14,24,0,0,0,0,0,0,0
20260830_104347_prompt-static-to-system,b7f05fed08c3,b82517d15703,sk48-d8078629,4,0,4,0.0,0.0,8,gave_up,25,85,35,1,1,4.0,2,3,0,1,0,0,0,0,0
20260830_104347_prompt-static-to-system,b7f05fed08c3,b82517d15703,sp80-589a99af,0,0,0,0.09789761492832426,1.0,6,gave_up,44,312,49,2,7,15.909,26,41,0,0,0,0,1,7,0
20260830_104347_prompt-static-to-system,b7f05fed08c3,b82517d15703,sp80-589a99af,1,0,1,0.0,0.0,6,gave_up,60,556,64,1,1,1.667,16,55,1,0,0,0,0,1,0
20260830_104347_prompt-static-to-system,b7f05fed08c3,b82517d15703,sp80-589a99af,2,0,2,4.761904761904762,1.0,6,gave_up,54,241,60,2,4,7.407,19,53,1,0,0,0,0,3,0
20260830_104347_prompt-static-to-system,b7f05fed08c3,b82517d15703,sp80-589a99af,3,0,3,1.0771649528341973,1.0,6,gave_up,45,273,48,2,2,4.444,13,45,1,0,0,0,0,1,0
20260830_104347_prompt-static-to-system,b7f05fed08c3,b82517d15703,sp80-589a99af,4,0,4,0.0,0.0,6,gave_up,53,326,60,1,1,1.887,20,49,1,0,0,0,0,0,0
20260830_104347_prompt-static-to-system,b7f05fed08c3,b82517d15703,su15-1944f8ab,0,0,0,2.2222222222222223,1.0,9,gave_up,45,153,54,2,1,2.222,18,45,0,0,0,0,0,1,0
20260830_104347_prompt-static-to-system,b7f05fed08c3,b82517d15703,su15-1944f8ab,1,0,1,2.2222222222222223,1.0,9,gave_up,48,112,59,2,8,16.667,23,48,2,1,0,0,1,5,0
20260830_104347_prompt-static-to-system,b7f05fed08c3,b82517d15703,su15-1944f8ab,2,0,2,20.43421846287646,4.0,9,gave_up,73,244,74,5,10,13.699,27,72,0,0,0,0,0,10,0
20260830_104347_prompt-static-to-system,b7f05fed08c3,b82517d15703,su15-1944f8ab,3,0,3,5.244170096021947,2.0,9,gave_up,41,94,51,3,1,2.439,20,40,0,0,0,0,0,1,0
20260830_104347_prompt-static-to-system,b7f05fed08c3,b82517d15703,su15-1944f8ab,4,0,4,3.5234567901234564,2.0,9,cancelled,30,110,37,3,6,20.0,15,30,1,0,0,1,1,5,0
20260830_104347_prompt-static-to-system,b7f05fed08c3,b82517d15703,tn36-ef4dde99,0,0,0,0.0,0.0,7,gave_up,61,487,66,1,2,3.279,15,61,0,1,0,0,0,2,0
20260830_104347_prompt-static-to-system,b7f05fed08c3,b82517d15703,tn36-ef4dde99,1,0,1,10.714285714285714,2.0,7,gave_up,49,254,61,3,1,2.041,10,49,0,0,0,0,0,1,0
20260830_104347_prompt-static-to-system,b7f05fed08c3,b82517d15703,tn36-ef4dde99,2,0,2,10.714285714285714,2.0,7,gave_up,62,317,74,3,0,0.0,16,58,0,0,0,0,0,0,0
20260830_104347_prompt-static-to-system,b7f05fed08c3,b82517d15703,tn36-ef4dde99,3,0,3,0.45149911816578486,1.0,7,gave_up,64,176,70,2,2,3.125,16,63,0,1,0,0,0,1,1
20260830_104347_prompt-static-to-system,b7f05fed08c3,b82517d15703,tn36-ef4dde99,4,0,4,0.08137110308701621,1.0,7,gave_up,59,247,69,2,4,6.78,18,58,1,0,1,0,1,1,0
20260830_104347_prompt-static-to-system,b7f05fed08c3,b82517d15703,tr87-cd924810,0,0,0,1.6768161195162765,1.0,6,gave_up,24,130,48,2,0,0.0,1,1,0,0,0,0,0,0,0
20260830_104347_prompt-static-to-system,b7f05fed08c3,b82517d15703,tr87-cd924810,1,0,1,0.0,0.0,6,gave_up,19,139,43,1,1,5.263,5,18,1,0,0,0,0,0,0
20260830_104347_prompt-static-to-system,b7f05fed08c3,b82517d15703,tr87-cd924810,2,0,2,2.9165541452876047,1.0,6,gave_up,20,90,43,2,1,5.0,9,20,1,0,0,0,0,0,0
20260830_104347_prompt-static-to-system,b7f05fed08c3,b82517d15703,tr87-cd924810,3,0,3,0.99725037961177,1.0,6,gave_up,25,177,44,2,0,0.0,5,24,0,0,0,0,0,0,0
20260830_104347_prompt-static-to-system,b7f05fed08c3,b82517d15703,tr87-cd924810,4,0,4,0.0,0.0,6,cancelled,7,47,22,1,0,0.0,6,7,0,0,0,0,0,0,0
20260830_104347_prompt-static-to-system,b7f05fed08c3,b82517d15703,tu93-0768757b,0,0,0,3.524829931972789,3.0,9,gave_up,28,143,39,4,1,3.571,12,27,1,0,0,0,0,0,0
20260830_104347_prompt-static-to-system,b7f05fed08c3,b82517d15703,tu93-0768757b,1,0,1,2.748493642363477,2.0,9,gave_up,14,106,39,3,1,7.143,1,5,0,1,1,0,0,0,0
20260830_104347_prompt-static-to-system,b7f05fed08c3,b82517d15703,tu93-0768757b,2,0,2,8.200899568071286,3.0,9,gave_up,25,109,40,4,2,8.0,13,25,2,0,0,0,0,2,0
20260830_104347_prompt-static-to-system,b7f05fed08c3,b82517d15703,tu93-0768757b,3,0,3,4.293099148232492,3.0,9,gave_up,24,138,38,4,0,0.0,8,22,0,0,0,0,0,0,0
20260830_104347_prompt-static-to-system,b7f05fed08c3,b82517d15703,tu93-0768757b,4,0,4,13.333333333333334,3.0,9,gave_up,24,93,38,4,1,4.167,11,23,1,0,0,0,0,1,0
20260830_104347_prompt-static-to-system,b7f05fed08c3,b82517d15703,vc33-5430563c,0,0,0,2.4867418044291205,2.0,7,gave_up,82,248,85,3,1,1.22,5,19,1,0,0,0,0,0,0
20260830_104347_prompt-static-to-system,b7f05fed08c3,b82517d15703,vc33-5430563c,1,0,1,21.428571428571427,3.0,7,gave_up,23,63,33,4,6,26.087,15,23,1,1,0,0,1,6,0
20260830_104347_prompt-static-to-system,b7f05fed08c3,b82517d15703,vc33-5430563c,2,0,2,9.429563492063492,2.0,7,gave_up,39,101,47,3,3,7.692,8,39,1,1,0,0,0,1,0
20260830_104347_prompt-static-to-system,b7f05fed08c3,b82517d15703,vc33-5430563c,3,0,3,8.160763751483973,2.0,7,gave_up,35,99,46,3,0,0.0,9,34,0,0,0,0,0,0,0
20260830_104347_prompt-static-to-system,b7f05fed08c3,b82517d15703,vc33-5430563c,4,0,4,31.7874972102685,4.0,7,gave_up,63,187,66,5,5,7.937,25,62,2,0,0,0,1,3,0
20260830_104347_prompt-static-to-system,b7f05fed08c3,b82517d15703,wa30-ee6fef47,0,0,0,0.0,0.0,9,gave_up,38,89,49,1,4,10.526,9,37,1,0,0,0,0,3,0
20260830_104347_prompt-static-to-system,b7f05fed08c3,b82517d15703,wa30-ee6fef47,1,0,1,6.277523254199639,2.0,9,gave_up,42,268,50,3,3,7.143,16,41,1,0,0,0,0,3,0
20260830_104347_prompt-static-to-system,b7f05fed08c3,b82517d15703,wa30-ee6fef47,2,0,2,2.2222222222222223,1.0,9,gave_up,55,223,59,2,1,1.818,14,54,1,0,0,0,0,0,0
20260830_104347_prompt-static-to-system,b7f05fed08c3,b82517d15703,wa30-ee6fef47,3,0,3,0.0,0.0,9,gave_up,51,311,56,1,4,7.843,17,50,1,0,0,0,1,3,0
20260830_104347_prompt-static-to-system,b7f05fed08c3,b82517d15703,wa30-ee6fef47,4,0,4,2.2222222222222223,1.0,9,gave_up,46,133,54,2,7,15.217,18,45,0,0,0,0,1,7,0
20260830_104347_prompt-static-to-system,b7f05fed08c3,b82517d15703,ar25-0c556536,5,5,0,4.029063090492692,2.0,8,gave_up,56,193,65,3,1,1.786,11,54,1,0,0,0,0,1,0
20260830_104347_prompt-static-to-system,b7f05fed08c3,b82517d15703,ar25-0c556536,6,5,1,15.584741886392395,3.0,8,gave_up,34,203,49,4,1,2.941,13,34,1,0,0,0,0,0,0
20260830_104347_prompt-static-to-system,b7f05fed08c3,b82517d15703,ar25-0c556536,7,5,2,27.77777777777778,4.0,8,gave_up,45,225,53,5,3,6.667,12,44,0,0,0,0,0,3,0
20260830_104347_prompt-static-to-system,b7f05fed08c3,b82517d15703,ar25-0c556536,8,5,3,4.835381222432263,2.0,8,gave_up,32,192,42,3,3,9.375,16,32,0,0,0,0,1,2,0
20260830_104347_prompt-static-to-system,b7f05fed08c3,b82517d15703,ar25-0c556536,9,5,4,8.333333333333332,2.0,8,gave_up,35,134,53,3,3,8.571,11,35,1,2,0,0,0,1,0
20260830_104347_prompt-static-to-system,b7f05fed08c3,b82517d15703,bp35-0a0ad940,5,5,0,1.0888888888888888,1.0,9,gave_up,31,93,51,2,0,0.0,1,1,0,0,0,0,0,0,0
20260830_104347_prompt-static-to-system,b7f05fed08c3,b82517d15703,bp35-0a0ad940,6,5,1,0.0,0.0,9,gave_up,52,273,66,1,1,1.923,17,46,0,0,0,0,0,1,0
20260830_104347_prompt-static-to-system,b7f05fed08c3,b82517d15703,bp35-0a0ad940,7,5,2,0.6786703601108035,1.0,9,gave_up,41,98,55,2,0,0.0,8,38,0,0,0,0,0,0,0
20260830_104347_prompt-static-to-system,b7f05fed08c3,b82517d15703,bp35-0a0ad940,8,5,3,0.7158509861212563,1.0,9,gave_up,24,70,40,2,1,4.167,1,7,0,0,0,0,0,1,0
20260830_104347_prompt-static-to-system,b7f05fed08c3,b82517d15703,bp35-0a0ad940,9,5,4,2.024793388429752,1.0,9,gave_up,25,49,38,2,2,8.0,7,25,1,0,0,0,0,1,0
20260830_104347_prompt-static-to-system,b7f05fed08c3,b82517d15703,cd82-fb555c5d,5,5,0,14.285714285714285,2.0,6,gave_up,42,156,51,3,1,2.381,10,42,1,0,0,0,0,0,0
20260830_104347_prompt-static-to-system,b7f05fed08c3,b82517d15703,cd82-fb555c5d,6,5,1,5.511708441898991,2.0,6,gave_up,57,229,62,3,1,1.754,6,57,0,0,0,0,0,1,0
20260830_104347_prompt-static-to-system,b7f05fed08c3,b82517d15703,cd82-fb555c5d,7,5,2,14.285714285714285,2.0,6,gave_up,55,194,63,3,1,1.818,15,50,1,0,0,0,0,0,0
20260830_104347_prompt-static-to-system,b7f05fed08c3,b82517d15703,cd82-fb555c5d,8,5,3,11.571428571428573,2.0,6,gave_up,30,103,39,3,0,0.0,8,27,0,0,0,0,0,0,0
20260830_104347_prompt-static-to-system,b7f05fed08c3,b82517d15703,cd82-fb555c5d,9,5,4,4.761904761904762,1.0,6,gave_up,36,130,50,2,1,2.778,14,34,1,0,0,0,0,0,0
20260830_104347_prompt-static-to-system,b7f05fed08c3,b82517d15703,cn04-2fe56bfb,5,5,0,4.761904761904762,1.0,6,gave_up,48,250,57,2,1,2.083,18,47,1,0,0,0,0,0,0
20260830_104347_prompt-static-to-system,b7f05fed08c3,b82517d15703,cn04-2fe56bfb,6,5,1,4.761904761904762,1.0,6,gave_up,13,45,33,2,1,7.692,7,13,0,1,0,1,0,0,0
20260830_104347_prompt-static-to-system,b7f05fed08c3,b82517d15703,cn04-2fe56bfb,7,5,2,4.761904761904762,1.0,6,gave_up,22,122,39,2,2,9.091,9,21,0,0,0,0,0,2,0
20260830_104347_prompt-static-to-system,b7f05fed08c3,b82517d15703,cn04-2fe56bfb,8,5,3,0.0,0.0,6,gave_up,54,213,59,1,7,12.963,18,53,3,1,1,0,0,6,0
20260830_104347_prompt-static-to-system,b7f05fed08c3,b82517d15703,cn04-2fe56bfb,9,5,4,0.24443126860119047,1.0,6,gave_up,54,200,61,2,2,3.704,17,51,0,0,0,0,0,2,0
20260830_104347_prompt-static-to-system,b7f05fed08c3,b82517d15703,dc22-fdcac232,5,5,0,0.0,0.0,6,gave_up,52,386,60,1,0,0.0,12,52,0,0,0,0,0,0,0
20260830_104347_prompt-static-to-system,b7f05fed08c3,b82517d15703,dc22-fdcac232,6,5,1,2.5264731711919644,1.0,6,gave_up,46,214,59,2,1,2.174,12,45,1,0,0,0,0,0,0
20260830_104347_prompt-static-to-system,b7f05fed08c3,b82517d15703,dc22-fdcac232,7,5,2,0.2589665590181143,1.0,6,gave_up,54,430,61,2,0,0.0,15,50,0,0,0,0,0,0,0
20260830_104347_prompt-static-to-system,b7f05fed08c3,b82517d15703,dc22-fdcac232,8,5,3,4.761904761904762,1.0,6,gave_up,36,69,55,2,1,2.778,13,36,1,0,0,0,0,0,0
20260830_104347_prompt-static-to-system,b7f05fed08c3,b82517d15703,dc22-fdcac232,9,5,4,0.0,0.0,6,gave_up,50,329,60,1,0,0.0,17,48,0,0,0,0,0,0,0
20260830_104347_prompt-static-to-system,b7f05fed08c3,b82517d15703,ft09-0d8bbf25,5,5,0,16.380307250159255,4.0,6,gave_up,36,269,54,5,2,5.556,16,36,1,0,0,0,0,1,0
20260830_104347_prompt-static-to-system,b7f05fed08c3,b82517d15703,ft09-0d8bbf25,6,5,1,45.148809523809526,4.0,6,gave_up,31,139,45,5,2,6.452,18,31,2,0,0,0,0,1,0
20260830_104347_prompt-static-to-system,b7f05fed08c3,b82517d15703,ft09-0d8bbf25,7,5,2,14.285714285714285,2.0,6,gave_up,16,54,36,3,1,6.25,5,9,1,0,0,0,0,0,0
20260830_104347_prompt-static-to-system,b7f05fed08c3,b82517d15703,ft09-0d8bbf25,8,5,3,18.394529507953024,3.0,6,gave_up,30,126,46,4,0,0.0,16,29,0,0,0,0,0,0,0
20260830_104347_prompt-static-to-system,b7f05fed08c3,b82517d15703,ft09-0d8bbf25,9,5,4,15.79265198142749,3.0,6,gave_up,46,168,55,4,1,2.174,17,45,1,0,0,0,0,0,0
20260830_104347_prompt-static-to-system,b7f05fed08c3,b82517d15703,g50t-5849a774,5,5,0,3.3950892857142856,1.0,7,gave_up,21,119,44,2,0,0.0,7,21,0,0,0,0,0,0,0
20260830_104347_prompt-static-to-system,b7f05fed08c3,b82517d15703,g50t-5849a774,6,5,1,0.0,0.0,7,gave_up,32,235,43,1,1,3.125,10,31,1,0,0,0,0,1,0
20260830_104347_prompt-static-to-system,b7f05fed08c3,b82517d15703,g50t-5849a774,7,5,2,2.30933908264124,1.0,7,gave_up,25,131,47,2,2,8.0,9,24,1,0,1,0,0,2,0
20260830_104347_prompt-static-to-system,b7f05fed08c3,b82517d15703,g50t-5849a774,8,5,3,0.5542437360619179,1.0,7,gave_up,42,247,55,2,2,4.762,13,40,1,0,0,0,0,1,0
20260830_104347_prompt-static-to-system,b7f05fed08c3,b82517d15703,g50t-5849a774,9,5,4,0.0,0.0,7,gave_up,40,259,53,1,1,2.5,25,39,0,0,0,0,0,1,0
20260830_104347_prompt-static-to-system,b7f05fed08c3,b82517d15703,ka59-38d34dbb,5,5,0,3.571428571428571,1.0,7,gave_up,27,134,36,2,1,3.704,11,26,0,0,0,0,0,1,0
20260830_104347_prompt-static-to-system,b7f05fed08c3,b82517d15703,ka59-38d34dbb,6,5,1,10.374779541446207,2.0,7,gave_up,40,211,48,3,2,5.0,10,37,0,0,1,0,0,1,0
20260830_104347_prompt-static-to-system,b7f05fed08c3,b82517d15703,ka59-38d34dbb,7,5,2,3.3293697978596914,1.0,7,gave_up,20,62,41,2,3,15.0,8,20,1,0,0,0,0,3,0
20260830_104347_prompt-static-to-system,b7f05fed08c3,b82517d15703,ka59-38d34dbb,8,5,3,3.571428571428571,1.0,7,gave_up,58,394,63,2,1,1.724,4,16,0,0,0,0,0,1,0
20260830_104347_prompt-static-to-system,b7f05fed08c3,b82517d15703,ka59-38d34dbb,9,5,4,10.714285714285714,2.0,7,gave_up,45,219,54,3,1,2.222,14,43,1,1,1,0,0,1,0
20260830_104347_prompt-static-to-system,b7f05fed08c3,b82517d15703,lf52-271a04aa,5,5,0,1.8181818181818181,1.0,10,gave_up,63,135,72,2,0,0.0,18,63,0,0,0,0,0,0,0
20260830_104347_prompt-static-to-system,b7f05fed08c3,b82517d15703,lf52-271a04aa,6,5,1,1.8181818181818181,1.0,10,gave_up,59,242,68,2,0,0.0,20,59,0,0,0,0,0,0,0
20260830_104347_prompt-static-to-system,b7f05fed08c3,b82517d15703,lf52-271a04aa,7,5,2,1.8181818181818181,1.0,10,gave_up,67,214,75,2,0,0.0,19,65,0,0,0,0,0,0,0
20260830_104347_prompt-static-to-system,b7f05fed08c3,b82517d15703,lf52-271a04aa,8,5,3,1.8181818181818181,1.0,10,gave_up,54,220,67,2,0,0.0,20,49,0,0,0,0,0,0,0
20260830_104347_prompt-static-to-system,b7f05fed08c3,b82517d15703,lf52-271a04aa,9,5,4,5.454545454545454,2.0,10,gave_up,51,103,62,3,0,0.0,7,50,0,0,0,0,0,0,0
20260830_104347_prompt-static-to-system,b7f05fed08c3,b82517d15703,lp85-305b61c3,5,5,0,36.64849108367627,5.0,8,gave_up,27,110,43,6,1,3.704,10,25,1,0,0,0,0,0,0
20260830_104347_prompt-static-to-system,b7f05fed08c3,b82517d15703,lp85-305b61c3,6,5,1,16.666666666666664,3.0,8,gave_up,24,71,38,4,0,0.0,8,24,0,0,0,0,0,0,0
20260830_104347_prompt-static-to-system,b7f05fed08c3,b82517d15703,lp85-305b61c3,7,5,2,2.7777777777777777,1.0,8,gave_up,9,24,27,2,1,11.111,6,9,1,0,0,0,0,0,0
20260830_104347_prompt-static-to-system,b7f05fed08c3,b82517d15703,lp85-305b61c3,8,5,3,16.666666666666664,3.0,8,gave_up,16,54,45,4,1,6.25,10,16,0,0,0,0,1,1,0
20260830_104347_prompt-static-to-system,b7f05fed08c3,b82517d15703,lp85-305b61c3,9,5,4,14.945233481598917,3.0,8,gave_up,25,99,43,4,1,4.0,5,24,1,0,0,0,0,1,0
20260830_104347_prompt-static-to-system,b7f05fed08c3,b82517d15703,ls20-9607627b,5,5,0,0.0,0.0,7,gave_up,49,363,56,1,6,12.245,14,49,0,1,0,2,0,6,0
20260830_104347_prompt-static-to-system,b7f05fed08c3,b82517d15703,ls20-9607627b,6,5,1,0.33344356261022934,1.0,7,gave_up,34,249,55,2,0,0.0,7,17,0,0,0,0,0,0,0
20260830_104347_prompt-static-to-system,b7f05fed08c3,b82517d15703,ls20-9607627b,7,5,2,3.571428571428571,1.0,7,gave_up,19,224,40,2,3,15.789,10,19,1,0,0,0,0,2,0
20260830_104347_prompt-static-to-system,b7f05fed08c3,b82517d15703,ls20-9607627b,8,5,3,2.7657142857142856,1.0,7,gave_up,25,161,46,2,3,12.0,10,24,1,0,0,0,1,2,0
20260830_104347_prompt-static-to-system,b7f05fed08c3,b82517d15703,ls20-9607627b,9,5,4,3.571428571428571,1.0,7,gave_up,18,233,39,2,1,5.556,7,17,0,0,0,0,0,1,0
20260830_104347_prompt-static-to-system,b7f05fed08c3,b82517d15703,m0r0-492f87ba,5,5,0,0.0,0.0,6,gave_up,30,407,46,1,0,0.0,13,30,0,0,0,0,0,0,0
20260830_104347_prompt-static-to-system,b7f05fed08c3,b82517d15703,m0r0-492f87ba,6,5,1,0.3026420652294531,1.0,6,gave_up,34,207,50,2,0,0.0,16,34,0,0,0,0,0,0,0
20260830_104347_prompt-static-to-system,b7f05fed08c3,b82517d15703,m0r0-492f87ba,7,5,2,0.8267195767195769,1.0,6,gave_up,51,244,62,2,0,0.0,22,46,0,0,0,0,0,0,0
20260830_104347_prompt-static-to-system,b7f05fed08c3,b82517d15703,m0r0-492f87ba,8,5,3,3.4985422740524776,1.0,6,gave_up,43,260,51,2,2,4.651,11,43,1,0,0,0,0,2,0
20260830_104347_prompt-static-to-system,b7f05fed08c3,b82517d15703,m0r0-492f87ba,9,5,4,14.285714285714285,2.0,6,gave_up,44,181,62,3,0,0.0,9,33,0,0,0,0,0,0,0
20260830_104347_prompt-static-to-system,b7f05fed08c3,b82517d15703,r11l-495a7899,5,5,0,4.761904761904762,1.0,6,gave_up,8,13,33,2,3,37.5,8,8,0,0,0,0,0,3,0
20260830_104347_prompt-static-to-system,b7f05fed08c3,b82517d15703,r11l-495a7899,6,5,1,4.761904761904762,1.0,6,gave_up,50,53,57,2,1,2.0,8,49,1,0,0,0,0,0,0
20260830_104347_prompt-static-to-system,b7f05fed08c3,b82517d15703,r11l-495a7899,7,5,2,4.761904761904762,1.0,6,gave_up,26,50,35,2,3,11.538,13,26,0,0,0,0,0,3,0
20260830_104347_prompt-static-to-system,b7f05fed08c3,b82517d15703,r11l-495a7899,8,5,3,1.1904761904761905,1.0,6,gave_up,82,95,89,2,0,0.0,15,67,0,0,0,0,0,0,0
20260830_104347_prompt-static-to-system,b7f05fed08c3,b82517d15703,r11l-495a7899,9,5,4,4.761904761904762,1.0,6,gave_up,21,23,43,2,1,4.762,8,20,1,0,0,0,0,1,0
20260830_104347_prompt-static-to-system,b7f05fed08c3,b82517d15703,re86-8af5384d,5,5,0,8.333333333333332,2.0,8,gave_up,29,398,43,3,2,6.897,13,29,1,1,0,0,0,0,0
20260830_104347_prompt-static-to-system,b7f05fed08c3,b82517d15703,re86-8af5384d,6,5,1,8.333333333333332,2.0,8,gave_up,26,200,50,3,2,7.692,14,26,0,0,0,0,0,2,0
20260830_104347_prompt-static-to-system,b7f05fed08c3,b82517d15703,re86-8af5384d,7,5,2,1.1857028574003965,2.0,8,gave_up,31,283,45,3,5,16.129,17,31,0,2,0,2,0,2,0
20260830_104347_prompt-static-to-system,b7f05fed08c3,b82517d15703,re86-8af5384d,8,5,3,3.083046978844276,2.0,8,gave_up,40,195,55,3,2,5.0,15,39,0,0,0,0,0,2,0
20260830_104347_prompt-static-to-system,b7f05fed08c3,b82517d15703,re86-8af5384d,9,5,4,8.333333333333332,2.0,8,cancelled,15,77,35,3,1,6.667,5,15,1,0,0,0,0,0,0
20260830_104347_prompt-static-to-system,b7f05fed08c3,b82517d15703,s5i5-18d95033,5,5,0,0.9611687812379854,1.0,8,gave_up,39,81,53,2,1,2.564,16,39,0,0,0,0,0,1,0
20260830_104347_prompt-static-to-system,b7f05fed08c3,b82517d15703,s5i5-18d95033,6,5,1,2.7777777777777777,1.0,8,gave_up,21,45,29,2,1,4.762,12,20,1,0,0,0,0,0,0
20260830_104347_prompt-static-to-system,b7f05fed08c3,b82517d15703,s5i5-18d95033,7,5,2,1.020304050607081,1.0,8,gave_up,25,77,36,2,3,12.0,12,25,0,1,0,0,0,2,0
20260830_104347_prompt-static-to-system,b7f05fed08c3,b82517d15703,s5i5-18d95033,8,5,3,7.913046791647615,2.0,8,gave_up,52,158,61,3,0,0.0,10,50,0,0,0,0,0,0,0
20260830_104347_prompt-static-to-system,b7f05fed08c3,b82517d15703,s5i5-18d95033,9,5,4,8.333333333333332,2.0,8,cancelled,11,60,18,3,0,0.0,4,11,0,0,0,0,0,0,0
20260830_104347_prompt-static-to-system,b7f05fed08c3,b82517d15703,sb26-7fbdac44,5,5,0,2.7777777777777777,1.0,8,gave_up,62,347,71,2,1,1.613,23,62,1,0,0,0,0,0,0
20260830_104347_prompt-static-to-system,b7f05fed08c3,b82517d15703,sb26-7fbdac44,6,5,1,2.7777777777777777,1.0,8,gave_up,45,292,59,2,7,15.556,19,43,4,0,0,0,0,4,0
20260830_104347_prompt-static-to-system,b7f05fed08c3,b82517d15703,sb26-7fbdac44,7,5,2,2.7777777777777777,1.0,8,gave_up,59,260,70,2,2,3.39,16,59,2,0,0,0,0,1,0
20260830_104347_prompt-static-to-system,b7f05fed08c3,b82517d15703,sb26-7fbdac44,8,5,3,12.484344348875812,3.0,8,gave_up,60,306,64,4,2,3.333,21,59,0,0,0,0,0,2,0
20260830_104347_prompt-static-to-system,b7f05fed08c3,b82517d15703,sb26-7fbdac44,9,5,4,2.7777777777777777,1.0,8,cancelled,42,316,47,2,3,7.143,12,18,1,0,0,0,0,2,0
20260830_104347_prompt-static-to-system,b7f05fed08c3,b82517d15703,sc25-635fd71a,5,5,0,19.78682933228388,3.0,6,gave_up,63,282,68,4,2,3.175,16,63,1,0,0,0,0,2,0
20260830_104347_prompt-static-to-system,b7f05fed08c3,b82517d15703,sc25-635fd71a,6,5,1,0.0,0.0,6,gave_up,63,415,70,1,1,1.587,17,63,1,0,0,0,0,0,0
20260830_104347_prompt-static-to-system,b7f05fed08c3,b82517d15703,sc25-635fd71a,7,5,2,6.321428571428571,2.0,6,gave_up,51,185,59,3,0,0.0,13,51,0,0,0,0,0,0,0
20260830_104347_prompt-static-to-system,b7f05fed08c3,b82517d15703,sc25-635fd71a,8,5,3,2.815714285714286,2.0,6,gave_up,63,254,69,3,0,0.0,24,62,0,0,0,0,0,0,0
20260830_104347_prompt-static-to-system,b7f05fed08c3,b82517d15703,sc25-635fd71a,9,5,4,11.941233471436965,2.0,6,gave_up,50,209,58,3,5,10.0,23,47,2,0,0,0,0,3,0
20260830_104347_prompt-static-to-system,b7f05fed08c3,b82517d15703,sk48-d8078629,5,5,0,0.0,0.0,8,gave_up,33,165,43,1,3,9.091,16,31,0,1,0,0,0,3,0
20260830_104347_prompt-static-to-system,b7f05fed08c3,b82517d15703,sk48-d8078629,6,5,1,0.0,0.0,8,gave_up,54,208,62,1,0,0.0,13,52,0,0,0,0,0,0,0
20260830_104347_prompt-static-to-system,b7f05fed08c3,b82517d15703,sk48-d8078629,7,5,2,0.0,0.0,8,gave_up,44,201,53,1,1,2.273,11,39,1,0,0,0,0,0,0
20260830_104347_prompt-static-to-system,b7f05fed08c3,b82517d15703,sk48-d8078629,8,5,3,0.0,0.0,8,gave_up,12,24,38,1,0,0.0,7,8,0,0,0,0,0,0,0
20260830_104347_prompt-static-to-system,b7f05fed08c3,b82517d15703,sk48-d8078629,9,5,4,0.0,0.0,8,gave_up,34,79,41,1,0,0.0,14,33,0,0,0,0,0,0,0
20260830_104347_prompt-static-to-system,b7f05fed08c3,b82517d15703,sp80-589a99af,5,5,0,1.3226547010330791,1.0,6,gave_up,30,173,39,2,7,23.333,16,29,1,1,1,1,0,7,0
20260830_104347_prompt-static-to-system,b7f05fed08c3,b82517d15703,sp80-589a99af,6,5,1,0.7100144243561556,1.0,6,gave_up,36,259,44,2,3,8.333,17,34,0,0,0,0,0,3,0
20260830_104347_prompt-static-to-system,b7f05fed08c3,b82517d15703,sp80-589a99af,7,5,2,0.009001710324961741,1.0,6,gave_up,65,994,67,2,2,3.077,18,55,1,0,0,0,0,1,0
20260830_104347_prompt-static-to-system,b7f05fed08c3,b82517d15703,sp80-589a99af,8,5,3,4.761904761904762,1.0,6,gave_up,41,158,51,2,3,7.317,17,34,3,0,0,0,0,0,0
20260830_104347_prompt-static-to-system,b7f05fed08c3,b82517d15703,sp80-589a99af,9,5,4,4.761904761904762,1.0,6,gave_up,52,301,56,2,2,3.846,19,50,1,0,0,0,0,2,0
20260830_104347_prompt-static-to-system,b7f05fed08c3,b82517d15703,su15-1944f8ab,5,5,0,2.2222222222222223,1.0,9,gave_up,53,168,56,2,1,1.887,14,53,0,0,0,0,0,1,0
20260830_104347_prompt-static-to-system,b7f05fed08c3,b82517d15703,su15-1944f8ab,6,5,1,3.8787178436592513,3.0,9,gave_up,55,249,61,4,2,3.636,21,55,2,0,0,0,0,0,0
20260830_104347_prompt-static-to-system,b7f05fed08c3,b82517d15703,su15-1944f8ab,7,5,2,2.2222222222222223,1.0,9,gave_up,71,216,76,2,4,5.634,28,71,2,0,1,0,0,2,0
20260830_104347_prompt-static-to-system,b7f05fed08c3,b82517d15703,su15-1944f8ab,8,5,3,2.2222222222222223,1.0,9,gave_up,46,173,58,2,6,13.043,22,45,2,1,0,0,0,5,0
20260830_104347_prompt-static-to-system,b7f05fed08c3,b82517d15703,su15-1944f8ab,9,5,4,2.2222222222222223,1.0,9,cancelled,30,61,38,2,1,3.333,13,28,0,0,0,0,0,1,0
20260830_104347_prompt-static-to-system,b7f05fed08c3,b82517d15703,tn36-ef4dde99,5,5,0,2.409548781937656,2.0,7,gave_up,61,282,71,3,1,1.639,16,54,1,0,0,0,0,1,0
20260830_104347_prompt-static-to-system,b7f05fed08c3,b82517d15703,tn36-ef4dde99,6,5,1,0.03163618388531883,1.0,7,gave_up,39,374,49,2,1,2.564,18,39,1,0,0,0,0,0,0
20260830_104347_prompt-static-to-system,b7f05fed08c3,b82517d15703,tn36-ef4dde99,7,5,2,0.0,0.0,7,gave_up,83,663,83,1,2,2.41,10,70,1,0,0,0,0,1,0
20260830_104347_prompt-static-to-system,b7f05fed08c3,b82517d15703,tn36-ef4dde99,8,5,3,10.714285714285714,2.0,7,gave_up,52,226,65,3,1,1.923,16,52,1,0,0,0,0,1,0
20260830_104347_prompt-static-to-system,b7f05fed08c3,b82517d15703,tn36-ef4dde99,9,5,4,0.0,0.0,7,gave_up,64,646,68,1,1,1.562,11,45,1,0,0,0,0,1,0
20260830_104347_prompt-static-to-system,b7f05fed08c3,b82517d15703,tr87-cd924810,5,5,0,2.6785714285714284,1.0,6,gave_up,14,81,46,2,0,0.0,3,6,0,0,0,0,0,0,0
20260830_104347_prompt-static-to-system,b7f05fed08c3,b82517d15703,tr87-cd924810,6,5,1,2.3419993735392626,1.0,6,gave_up,23,206,47,2,0,0.0,0,0,0,0,0,0,0,0,0
20260830_104347_prompt-static-to-system,b7f05fed08c3,b82517d15703,tr87-cd924810,7,5,2,3.0029658922392484,1.0,6,gave_up,15,79,46,2,1,6.667,5,15,1,0,0,0,0,0,0
20260830_104347_prompt-static-to-system,b7f05fed08c3,b82517d15703,tr87-cd924810,8,5,3,0.0,0.0,6,gave_up,27,194,48,1,1,3.704,5,11,1,0,1,0,0,1,0
20260830_104347_prompt-static-to-system,b7f05fed08c3,b82517d15703,tr87-cd924810,9,5,4,4.761904761904762,1.0,6,cancelled,18,166,35,2,0,0.0,4,17,0,0,0,0,0,0,0
20260830_104347_prompt-static-to-system,b7f05fed08c3,b82517d15703,tu93-0768757b,5,5,0,8.729012345679012,3.0,9,gave_up,24,117,33,4,3,12.5,9,23,1,0,0,0,0,2,0
20260830_104347_prompt-static-to-system,b7f05fed08c3,b82517d15703,tu93-0768757b,6,5,1,5.571992110453649,3.0,9,gave_up,28,113,41,4,2,7.143,12,27,1,0,0,0,0,1,0
20260830_104347_prompt-static-to-system,b7f05fed08c3,b82517d15703,tu93-0768757b,7,5,2,7.81533563228239,3.0,9,gave_up,19,167,39,4,1,5.263,8,19,1,0,0,0,0,0,0
20260830_104347_prompt-static-to-system,b7f05fed08c3,b82517d15703,tu93-0768757b,8,5,3,4.638470649461826,3.0,9,gave_up,25,119,41,4,0,0.0,11,25,0,0,0,0,0,0,0
20260830_104347_prompt-static-to-system,b7f05fed08c3,b82517d15703,tu93-0768757b,9,5,4,22.22222222222222,4.0,9,gave_up,26,99,38,5,2,7.692,13,25,1,0,0,0,0,1,0
20260830_104347_prompt-static-to-system,b7f05fed08c3,b82517d15703,vc33-5430563c,5,5,0,8.754409171075839,2.0,7,gave_up,41,103,50,3,0,0.0,10,40,0,0,0,0,0,0,0
20260830_104347_prompt-static-to-system,b7f05fed08c3,b82517d15703,vc33-5430563c,6,5,1,9.329777521228038,3.0,7,gave_up,30,154,41,4,1,3.333,7,7,1,0,0,0,0,0,0
20260830_104347_prompt-static-to-system,b7f05fed08c3,b82517d15703,vc33-5430563c,7,5,2,8.897879464285714,2.0,7,gave_up,32,106,38,3,4,12.5,12,32,1,0,0,0,1,2,0
20260830_104347_prompt-static-to-system,b7f05fed08c3,b82517d15703,vc33-5430563c,8,5,3,21.428571428571427,3.0,7,gave_up,37,130,46,4,1,2.703,11,36,0,0,0,0,0,1,0
20260830_104347_prompt-static-to-system,b7f05fed08c3,b82517d15703,vc33-5430563c,9,5,4,0.33081285444234404,1.0,7,gave_up,17,85,30,2,3,17.647,11,16,0,1,0,0,1,2,0
20260830_104347_prompt-static-to-system,b7f05fed08c3,b82517d15703,wa30-ee6fef47,5,5,0,6.666666666666667,2.0,9,gave_up,56,371,59,3,4,7.143,16,55,4,0,0,0,0,0,0
20260830_104347_prompt-static-to-system,b7f05fed08c3,b82517d15703,wa30-ee6fef47,6,5,1,0.0,0.0,9,gave_up,21,43,32,1,1,4.762,8,21,1,0,0,0,0,1,0
20260830_104347_prompt-static-to-system,b7f05fed08c3,b82517d15703,wa30-ee6fef47,7,5,2,2.2222222222222223,1.0,9,gave_up,45,161,57,2,4,8.889,9,45,1,0,0,1,0,3,0
20260830_104347_prompt-static-to-system,b7f05fed08c3,b82517d15703,wa30-ee6fef47,8,5,3,1.7949402695436987,1.0,9,gave_up,31,150,41,2,3,9.677,8,31,0,0,0,0,0,3,0
20260830_104347_prompt-static-to-system,b7f05fed08c3,b82517d15703,wa30-ee6fef47,9,5,4,0.8772983179749567,1.0,9,gave_up,79,192,80,2,5,6.329,15,78,0,2,0,1,0,4,0
20260830_110533_game-priors,4c1d5baa6f74,179de17880f4,ar25-0c556536,0,0,0,21.176325949413542,4.0,8,gave_up,40,222,57,5,0,0.0,6,18,0,0,0,0,0,0,0
20260830_110533_game-priors,4c1d5baa6f74,179de17880f4,ar25-0c556536,1,0,1,2.7777777777777777,1.0,8,gave_up,35,202,49,2,0,0.0,0,1,0,0,0,0,0,0,0
20260830_110533_game-priors,4c1d5baa6f74,179de17880f4,ar25-0c556536,2,0,2,2.7777777777777777,1.0,8,gave_up,34,108,52,2,1,2.941,15,33,0,0,0,0,0,1,0
20260830_110533_game-priors,4c1d5baa6f74,179de17880f4,ar25-0c556536,3,0,3,28.776730759245694,5.0,8,gave_up,55,397,61,6,1,1.818,14,54,1,0,0,0,0,0,0
20260830_110533_game-priors,4c1d5baa6f74,179de17880f4,ar25-0c556536,4,0,4,12.681687487606585,3.0,8,gave_up,51,269,60,4,2,3.922,21,50,1,0,0,0,0,1,0
20260830_110533_game-priors,4c1d5baa6f74,179de17880f4,bp35-0a0ad940,0,0,0,0.8477508650519032,1.0,9,gave_up,48,84,57,2,0,0.0,6,17,0,0,0,0,0,0,0
20260830_110533_game-priors,4c1d5baa6f74,179de17880f4,bp35-0a0ad940,1,0,1,0.4631379962192816,1.0,9,gave_up,33,118,46,2,2,6.061,15,33,1,0,0,0,0,2,0
20260830_110533_game-priors,4c1d5baa6f74,179de17880f4,bp35-0a0ad940,2,0,2,0.0,0.0,9,gave_up,53,472,56,1,0,0.0,16,52,0,0,0,0,0,0,0
20260830_110533_game-priors,4c1d5baa6f74,179de17880f4,bp35-0a0ad940,3,0,3,0.4631379962192816,1.0,9,gave_up,42,151,51,2,4,9.524,19,42,2,0,1,0,0,3,0
20260830_110533_game-priors,4c1d5baa6f74,179de17880f4,bp35-0a0ad940,4,0,4,0.2722222222222222,1.0,9,gave_up,40,175,53,2,2,5.0,14,40,0,0,0,0,0,2,0
20260830_110533_game-priors,4c1d5baa6f74,179de17880f4,cd82-fb555c5d,0,0,0,4.761904761904762,1.0,6,gave_up,26,95,39,2,1,3.846,9,26,0,0,0,0,0,1,0
20260830_110533_game-priors,4c1d5baa6f74,179de17880f4,cd82-fb555c5d,1,0,1,11.571428571428573,2.0,6,gave_up,27,114,41,3,1,3.704,13,27,0,0,0,0,0,1,0
20260830_110533_game-priors,4c1d5baa6f74,179de17880f4,cd82-fb555c5d,2,0,2,5.542328042328042,2.0,6,gave_up,46,173,57,3,2,4.348,13,46,1,0,0,0,0,1,0
20260830_110533_game-priors,4c1d5baa6f74,179de17880f4,cd82-fb555c5d,3,0,3,7.0,2.0,6,gave_up,33,90,51,3,0,0.0,2,2,0,0,0,0,0,0,0
20260830_110533_game-priors,4c1d5baa6f74,179de17880f4,cd82-fb555c5d,4,0,4,7.0,2.0,6,gave_up,48,73,59,3,0,0.0,9,47,0,0,0,0,0,0,0
20260830_110533_game-priors,4c1d5baa6f74,179de17880f4,cn04-2fe56bfb,0,0,0,0.7944379894389814,1.0,6,gave_up,31,103,40,2,1,3.226,11,29,0,0,0,0,0,1,0
20260830_110533_game-priors,4c1d5baa6f74,179de17880f4,cn04-2fe56bfb,1,0,1,0.0,0.0,6,gave_up,48,103,53,1,2,4.167,10,48,1,0,1,0,1,1,0
20260830_110533_game-priors,4c1d5baa6f74,179de17880f4,cn04-2fe56bfb,2,0,2,0.06407619047619048,1.0,6,gave_up,38,254,50,2,3,7.895,17,38,2,0,0,0,0,1,0
20260830_110533_game-priors,4c1d5baa6f74,179de17880f4,cn04-2fe56bfb,3,0,3,0.13227513227513227,1.0,6,gave_up,38,174,45,2,1,2.632,14,38,0,0,0,0,0,1,0
20260830_110533_game-priors,4c1d5baa6f74,179de17880f4,cn04-2fe56bfb,4,0,4,0.4944150499706056,1.0,6,gave_up,40,105,47,2,2,5.0,18,39,0,0,0,0,0,2,0
20260830_110533_game-priors,4c1d5baa6f74,179de17880f4,dc22-fdcac232,0,0,0,0.0,0.0,6,gave_up,67,485,75,1,0,0.0,2,2,0,0,0,0,0,0,0
20260830_110533_game-priors,4c1d5baa6f74,179de17880f4,dc22-fdcac232,1,0,1,0.0,0.0,6,gave_up,53,519,64,1,4,7.547,16,43,1,0,0,0,0,3,0
20260830_110533_game-priors,4c1d5baa6f74,179de17880f4,dc22-fdcac232,2,0,2,0.24520991828684133,1.0,6,gave_up,57,372,66,2,4,7.018,18,56,1,1,0,0,0,3,0
20260830_110533_game-priors,4c1d5baa6f74,179de17880f4,dc22-fdcac232,3,0,3,14.285714285714285,2.0,6,gave_up,38,243,49,3,0,0.0,11,38,0,0,0,0,0,0,0
20260830_110533_game-priors,4c1d5baa6f74,179de17880f4,dc22-fdcac232,4,0,4,0.0,0.0,6,gave_up,30,72,41,1,0,0.0,12,29,0,0,0,0,0,0,0
20260830_110533_game-priors,4c1d5baa6f74,179de17880f4,ft09-0d8bbf25,0,0,0,14.285714285714285,2.0,6,gave_up,23,80,48,3,2,8.696,4,6,0,0,0,0,0,2,0
20260830_110533_game-priors,4c1d5baa6f74,179de17880f4,ft09-0d8bbf25,1,0,1,14.285714285714285,2.0,6,gave_up,24,79,44,3,0,0.0,0,1,0,0,0,0,0,0,0
20260830_110533_game-priors,4c1d5baa6f74,179de17880f4,ft09-0d8bbf25,2,0,2,14.285714285714285,2.0,6,gave_up,16,41,42,3,1,6.25,12,16,1,1,0,0,0,0,0
20260830_110533_game-priors,4c1d5baa6f74,179de17880f4,ft09-0d8bbf25,3,0,3,14.285714285714285,2.0,6,gave_up,23,70,45,3,0,0.0,8,16,0,0,0,0,0,0,0
20260830_110533_game-priors,4c1d5baa6f74,179de17880f4,ft09-0d8bbf25,4,0,4,23.80859375,3.0,6,gave_up,41,149,57,4,3,7.317,14,40,1,0,1,0,0,2,0
20260830_110533_game-priors,4c1d5baa6f74,179de17880f4,g50t-5849a774,0,0,0,0.0,0.0,7,gave_up,45,521,58,1,0,0.0,11,30,0,0,0,0,0,0,0
20260830_110533_game-priors,4c1d5baa6f74,179de17880f4,g50t-5849a774,1,0,1,0.0,0.0,7,gave_up,22,155,43,1,0,0.0,11,21,0,0,0,0,0,0,0
20260830_110533_game-priors,4c1d5baa6f74,179de17880f4,g50t-5849a774,2,0,2,0.0,0.0,7,gave_up,29,152,49,1,1,3.448,4,9,0,0,0,0,0,1,0
20260830_110533_game-priors,4c1d5baa6f74,179de17880f4,g50t-5849a774,3,0,3,2.0089285714285716,1.0,7,gave_up,19,106,38,2,2,10.526,10,18,0,0,0,0,0,2,0
20260830_110533_game-priors,4c1d5baa6f74,179de17880f4,g50t-5849a774,4,0,4,0.0,0.0,7,gave_up,26,154,45,1,2,7.692,17,26,0,1,0,0,1,1,0
20260830_110533_game-priors,4c1d5baa6f74,179de17880f4,ka59-38d34dbb,0,0,0,2.9136316337148798,1.0,7,gave_up,29,88,50,2,0,0.0,9,15,0,0,0,0,0,0,0
20260830_110533_game-priors,4c1d5baa6f74,179de17880f4,ka59-38d34dbb,1,0,1,10.714285714285714,2.0,7,gave_up,43,164,53,3,0,0.0,9,41,0,0,0,0,0,0,0
20260830_110533_game-priors,4c1d5baa6f74,179de17880f4,ka59-38d34dbb,2,0,2,0.19444444444444445,1.0,7,gave_up,53,217,62,2,3,5.66,12,47,0,0,0,0,0,3,0
20260830_110533_game-priors,4c1d5baa6f74,179de17880f4,ka59-38d34dbb,3,0,3,3.571428571428571,1.0,7,gave_up,31,148,47,2,3,9.677,11,31,0,0,0,0,1,2,0
20260830_110533_game-priors,4c1d5baa6f74,179de17880f4,ka59-38d34dbb,4,0,4,3.571428571428571,1.0,7,gave_up,24,68,35,2,0,0.0,9,24,0,0,0,0,0,0,0
20260830_110533_game-priors,4c1d5baa6f74,179de17880f4,lf52-271a04aa,0,0,0,1.8181818181818181,1.0,10,gave_up,78,327,86,2,1,1.282,22,78,1,0,0,0,0,1,0
20260830_110533_game-priors,4c1d5baa6f74,179de17880f4,lf52-271a04aa,1,0,1,1.289347771342231,1.0,10,gave_up,80,309,83,2,6,7.5,13,79,1,0,0,0,1,6,0
20260830_110533_game-priors,4c1d5baa6f74,179de17880f4,lf52-271a04aa,2,0,2,3.096904276361183,2.0,10,gave_up,71,245,81,3,0,0.0,11,67,0,0,0,0,0,0,0
20260830_110533_game-priors,4c1d5baa6f74,179de17880f4,lf52-271a04aa,3,0,3,5.454545454545454,2.0,10,gave_up,64,133,73,3,2,3.125,18,59,1,0,0,0,0,1,0
20260830_110533_game-priors,4c1d5baa6f74,179de17880f4,lf52-271a04aa,4,0,4,5.188750676041103,2.0,10,gave_up,55,139,63,3,1,1.818,13,54,0,0,0,0,0,1,0
20260830_110533_game-priors,4c1d5baa6f74,179de17880f4,lp85-305b61c3,0,0,0,41.66666666666667,5.0,8,gave_up,37,159,52,6,1,2.703,12,37,1,0,0,0,0,1,0
20260830_110533_game-priors,4c1d5baa6f74,179de17880f4,lp85-305b61c3,1,0,1,41.66666666666667,5.0,8,gave_up,38,145,51,6,1,2.632,11,37,1,0,0,0,1,0,0
20260830_110533_game-priors,4c1d5baa6f74,179de17880f4,lp85-305b61c3,2,0,2,20.705035755062795,4.0,8,gave_up,21,84,34,5,3,14.286,11,21,1,0,0,0,0,2,0
20260830_110533_game-priors,4c1d5baa6f74,179de17880f4,lp85-305b61c3,3,0,3,32.76170798898071,5.0,8,gave_up,35,178,51,6,2,5.714,8,27,1,0,0,0,1,1,0
20260830_110533_game-priors,4c1d5baa6f74,179de17880f4,lp85-305b61c3,4,0,4,2.7777777777777777,1.0,8,gave_up,22,135,41,2,3,13.636,15,22,1,0,0,0,0,2,0
20260830_110533_game-priors,4c1d5baa6f74,179de17880f4,ls20-9607627b,0,0,0,3.571428571428571,1.0,7,gave_up,19,276,42,2,3,15.789,6,19,1,0,0,0,0,3,0
20260830_110533_game-priors,4c1d5baa6f74,179de17880f4,ls20-9607627b,1,0,1,0.3850682621010088,1.0,7,gave_up,34,308,60,2,1,2.941,9,34,0,0,0,0,0,1,0
20260830_110533_game-priors,4c1d5baa6f74,179de17880f4,ls20-9607627b,2,0,2,0.27008928571428575,1.0,7,gave_up,36,316,55,2,1,2.778,20,36,1,0,0,0,0,0,0
20260830_110533_game-priors,4c1d5baa6f74,179de17880f4,ls20-9607627b,3,0,3,3.571428571428571,1.0,7,gave_up,24,332,44,2,1,4.167,11,24,1,0,0,0,0,0,0
20260830_110533_game-priors,4c1d5baa6f74,179de17880f4,ls20-9607627b,4,0,4,0.06052209056305551,1.0,7,gave_up,54,376,65,2,0,0.0,3,3,0,0,0,0,0,0,0
20260830_110533_game-priors,4c1d5baa6f74,179de17880f4,m0r0-492f87ba,0,0,0,4.761904761904762,1.0,6,gave_up,44,174,57,2,1,2.273,17,42,1,0,0,0,0,1,0
20260830_110533_game-priors,4c1d5baa6f74,179de17880f4,m0r0-492f87ba,1,0,1,12.104145071089441,2.0,6,gave_up,36,191,56,3,1,2.778,11,35,0,0,0,0,0,1,0
20260830_110533_game-priors,4c1d5baa6f74,179de17880f4,m0r0-492f87ba,2,0,2,11.427337132052497,2.0,6,gave_up,38,190,54,3,1,2.632,17,38,0,0,0,0,0,1,0
20260830_110533_game-priors,4c1d5baa6f74,179de17880f4,m0r0-492f87ba,3,0,3,4.761904761904762,1.0,6,gave_up,40,350,53,2,1,2.5,12,38,0,0,0,0,0,1,0
20260830_110533_game-priors,4c1d5baa6f74,179de17880f4,m0r0-492f87ba,4,0,4,0.0,0.0,6,gave_up,45,187,58,1,2,4.444,15,41,0,0,0,0,0,2,0
20260830_110533_game-priors,4c1d5baa6f74,179de17880f4,r11l-495a7899,0,0,0,4.761904761904762,1.0,6,gave_up,19,36,32,2,4,21.053,13,19,2,1,0,1,0,1,0
20260830_110533_game-priors,4c1d5baa6f74,179de17880f4,r11l-495a7899,1,0,1,14.285714285714285,2.0,6,gave_up,17,46,31,3,1,5.882,9,17,1,0,0,0,0,0,0
20260830_110533_game-priors,4c1d5baa6f74,179de17880f4,r11l-495a7899,2,0,2,4.761904761904762,1.0,6,gave_up,44,76,60,2,1,2.273,14,26,0,0,0,0,0,1,0
20260830_110533_game-priors,4c1d5baa6f74,179de17880f4,r11l-495a7899,3,0,3,14.285714285714285,2.0,6,gave_up,12,36,33,3,1,8.333,12,12,0,1,0,0,0,0,0
20260830_110533_game-priors,4c1d5baa6f74,179de17880f4,r11l-495a7899,4,0,4,0.5626860119047619,1.0,6,gave_up,51,98,60,2,0,0.0,16,49,0,0,0,0,0,0,0
20260830_110533_game-priors,4c1d5baa6f74,179de17880f4,re86-8af5384d,0,0,0,24.960246855442488,4.0,8,gave_up,32,332,48,5,0,0.0,8,21,0,0,0,0,0,0,0
20260830_110533_game-priors,4c1d5baa6f74,179de17880f4,re86-8af5384d,1,0,1,22.093523723990437,4.0,8,gave_up,38,404,52,5,3,7.895,14,38,1,1,0,0,0,1,0
20260830_110533_game-priors,4c1d5baa6f74,179de17880f4,re86-8af5384d,2,0,2,16.666666666666664,3.0,8,gave_up,39,482,49,4,4,10.256,14,39,2,2,0,0,0,2,0
20260830_110533_game-priors,4c1d5baa6f74,179de17880f4,re86-8af5384d,3,0,3,16.666666666666664,3.0,8,gave_up,38,337,49,4,4,10.526,27,37,1,1,0,0,0,2,0
20260830_110533_game-priors,4c1d5baa6f74,179de17880f4,re86-8af5384d,4,0,4,27.77777777777778,4.0,8,cancelled,25,298,39,5,0,0.0,5,10,0,0,0,0,0,0,0
20260830_110533_game-priors,4c1d5baa6f74,179de17880f4,s5i5-18d95033,0,0,0,2.7777777777777777,1.0,8,gave_up,19,64,32,2,2,10.526,10,19,0,0,0,1,0,1,0
20260830_110533_game-priors,4c1d5baa6f74,179de17880f4,s5i5-18d95033,1,0,1,6.93758573388203,2.0,8,gave_up,37,147,47,3,1,2.703,3,11,0,0,0,0,0,1,0
20260830_110533_game-priors,4c1d5baa6f74,179de17880f4,s5i5-18d95033,2,0,2,1.7777777777777781,1.0,8,gave_up,42,176,53,2,1,2.381,19,42,0,0,0,0,0,1,0
20260830_110533_game-priors,4c1d5baa6f74,179de17880f4,s5i5-18d95033,3,0,3,2.7777777777777777,1.0,8,gave_up,41,165,51,2,1,2.439,15,40,1,0,0,0,0,1,0
20260830_110533_game-priors,4c1d5baa6f74,179de17880f4,s5i5-18d95033,4,0,4,8.333333333333332,2.0,8,cancelled,36,111,39,3,1,2.778,14,35,1,0,0,0,0,0,0
20260830_110533_game-priors,4c1d5baa6f74,179de17880f4,sb26-7fbdac44,0,0,0,2.7777777777777777,1.0,8,gave_up,46,215,58,2,4,8.696,24,45,0,0,0,0,0,4,0
20260830_110533_game-priors,4c1d5baa6f74,179de17880f4,sb26-7fbdac44,1,0,1,2.7777777777777777,1.0,8,gave_up,59,249,69,2,2,3.39,20,56,0,0,0,0,0,2,0
20260830_110533_game-priors,4c1d5baa6f74,179de17880f4,sb26-7fbdac44,2,0,2,14.380519796107109,4.0,8,gave_up,51,224,63,5,0,0.0,20,51,0,0,0,0,0,0,0
20260830_110533_game-priors,4c1d5baa6f74,179de17880f4,sb26-7fbdac44,3,0,3,2.7777777777777777,1.0,8,gave_up,40,273,52,2,1,2.5,16,36,1,0,0,0,0,0,0
20260830_110533_game-priors,4c1d5baa6f74,179de17880f4,sb26-7fbdac44,4,0,4,16.666666666666664,3.0,8,cancelled,38,232,47,4,5,13.158,10,37,1,0,0,2,0,2,0
20260830_110533_game-priors,4c1d5baa6f74,179de17880f4,sc25-635fd71a,0,0,0,7.570515737092264,2.0,6,gave_up,62,213,70,3,1,1.613,19,61,0,0,0,0,0,1,0
20260830_110533_game-priors,4c1d5baa6f74,179de17880f4,sc25-635fd71a,1,0,1,1.1014285714285714,2.0,6,gave_up,62,174,69,3,1,1.613,20,62,0,0,0,0,0,1,0
20260830_110533_game-priors,4c1d5baa6f74,179de17880f4,sc25-635fd71a,2,0,2,3.4489288486292717,3.0,6,gave_up,65,315,75,4,0,0.0,13,63,0,0,0,0,0,0,0
20260830_110533_game-priors,4c1d5baa6f74,179de17880f4,sc25-635fd71a,3,0,3,6.873511449269025,3.0,6,gave_up,69,263,75,4,2,2.899,23,67,0,0,0,0,0,2,0
20260830_110533_game-priors,4c1d5baa6f74,179de17880f4,sc25-635fd71a,4,0,4,2.592270149056853,2.0,6,gave_up,62,281,70,3,0,0.0,16,62,0,0,0,0,0,0,0
20260830_110533_game-priors,4c1d5baa6f74,179de17880f4,sk48-d8078629,0,0,0,0.0,0.0,8,gave_up,48,109,51,1,2,4.167,13,47,0,0,0,0,0,2,0
20260830_110533_game-priors,4c1d5baa6f74,179de17880f4,sk48-d8078629,1,0,1,0.0,0.0,8,gave_up,33,61,49,1,4,12.121,11,32,0,0,0,0,0,4,0
20260830_110533_game-priors,4c1d5baa6f74,179de17880f4,sk48-d8078629,2,0,2,0.0,0.0,8,gave_up,43,95,49,1,1,2.326,11,40,0,0,0,0,0,1,0
20260830_110533_game-priors,4c1d5baa6f74,179de17880f4,sk48-d8078629,3,0,3,0.0,0.0,8,gave_up,36,144,43,1,0,0.0,15,34,0,0,0,0,0,0,0
20260830_110533_game-priors,4c1d5baa6f74,179de17880f4,sk48-d8078629,4,0,4,0.0,0.0,8,gave_up,36,235,44,1,1,2.778,11,35,1,0,0,0,0,1,0
20260830_110533_game-priors,4c1d5baa6f74,179de17880f4,sp80-589a99af,0,0,0,0.4866203401543365,1.0,6,gave_up,31,184,39,2,4,12.903,17,31,3,0,0,0,0,1,0
20260830_110533_game-priors,4c1d5baa6f74,179de17880f4,sp80-589a99af,1,0,1,0.1369160140426681,1.0,6,gave_up,38,375,44,2,3,7.895,19,37,2,1,1,0,0,0,0
20260830_110533_game-priors,4c1d5baa6f74,179de17880f4,sp80-589a99af,2,0,2,4.761904761904762,1.0,6,gave_up,46,437,55,2,3,6.522,21,45,2,0,0,0,0,2,0
20260830_110533_game-priors,4c1d5baa6f74,179de17880f4,sp80-589a99af,3,0,3,3.741145218417946,1.0,6,gave_up,48,314,54,2,2,4.167,24,47,0,0,0,0,0,2,0
20260830_110533_game-priors,4c1d5baa6f74,179de17880f4,sp80-589a99af,4,0,4,0.47873997903742105,1.0,6,gave_up,76,513,80,2,3,3.947,24,75,0,0,0,3,0,1,0
20260830_110533_game-priors,4c1d5baa6f74,179de17880f4,su15-1944f8ab,0,0,0,4.733333333333333,2.0,9,gave_up,53,150,62,3,5,9.434,20,52,0,1,1,1,0,3,0
20260830_110533_game-priors,4c1d5baa6f74,179de17880f4,su15-1944f8ab,1,0,1,11.945195921346203,3.0,9,gave_up,54,101,65,4,1,1.852,17,52,0,0,0,0,0,1,0
20260830_110533_game-priors,4c1d5baa6f74,179de17880f4,su15-1944f8ab,2,0,2,18.575776050398822,4.0,9,gave_up,71,298,73,5,3,4.225,20,71,1,0,0,0,0,3,0
20260830_110533_game-priors,4c1d5baa6f74,179de17880f4,su15-1944f8ab,3,0,3,13.333333333333334,3.0,9,gave_up,54,135,59,4,0,0.0,19,53,0,0,0,0,0,0,0
20260830_110533_game-priors,4c1d5baa6f74,179de17880f4,su15-1944f8ab,4,0,4,2.2222222222222223,1.0,9,cancelled,47,201,51,2,1,2.128,13,31,1,0,0,0,0,0,0
20260830_110533_game-priors,4c1d5baa6f74,179de17880f4,tn36-ef4dde99,0,0,0,5.067989984228887,2.0,7,gave_up,56,321,66,3,1,1.786,20,51,1,1,0,0,0,0,0
20260830_110533_game-priors,4c1d5baa6f74,179de17880f4,tn36-ef4dde99,1,0,1,0.0,0.0,7,gave_up,52,444,59,1,2,3.846,16,51,2,0,0,0,0,2,0
20260830_110533_game-priors,4c1d5baa6f74,179de17880f4,tn36-ef4dde99,2,0,2,0.0,0.0,7,gave_up,50,465,57,1,1,2.0,20,49,0,0,0,0,0,1,0
20260830_110533_game-priors,4c1d5baa6f74,179de17880f4,tn36-ef4dde99,3,0,3,3.4434531328122238,2.0,7,gave_up,61,367,72,3,0,0.0,17,57,0,0,0,0,0,0,0
20260830_110533_game-priors,4c1d5baa6f74,179de17880f4,tn36-ef4dde99,4,0,4,9.516223363677975,2.0,7,gave_up,45,116,60,3,0,0.0,17,45,0,0,0,0,0,0,0
20260830_110533_game-priors,4c1d5baa6f74,179de17880f4,tr87-cd924810,0,0,0,0.5562295419690069,1.0,6,gave_up,22,190,46,2,0,0.0,1,1,0,0,0,0,0,0,0
20260830_110533_game-priors,4c1d5baa6f74,179de17880f4,tr87-cd924810,1,0,1,0.8886857142857142,1.0,6,gave_up,19,132,45,2,0,0.0,5,19,0,0,0,0,0,0,0
20260830_110533_game-priors,4c1d5baa6f74,179de17880f4,tr87-cd924810,2,0,2,4.761904761904762,1.0,6,gave_up,15,103,45,2,1,6.667,5,9,1,0,0,0,0,1,0
20260830_110533_game-priors,4c1d5baa6f74,179de17880f4,tr87-cd924810,3,0,3,0.6254544518586679,1.0,6,gave_up,20,153,44,2,1,5.0,11,20,0,0,0,0,0,1,0
20260830_110533_game-priors,4c1d5baa6f74,179de17880f4,tr87-cd924810,4,0,4,0.0,0.0,6,cancelled,16,68,35,1,0,0.0,5,15,0,0,0,0,0,0,0
20260830_110533_game-priors,4c1d5baa6f74,179de17880f4,tu93-0768757b,0,0,0,5.5823349262450215,3.0,9,gave_up,20,130,37,4,1,5.0,10,19,1,0,0,0,0,0,0
20260830_110533_game-priors,4c1d5baa6f74,179de17880f4,tu93-0768757b,1,0,1,6.666666666666667,2.0,9,gave_up,12,43,34,3,1,8.333,10,12,0,0,0,0,0,1,0
20260830_110533_game-priors,4c1d5baa6f74,179de17880f4,tu93-0768757b,2,0,2,22.005006858710562,4.0,9,gave_up,22,108,38,5,0,0.0,10,21,0,0,0,0,0,0,0
20260830_110533_game-priors,4c1d5baa6f74,179de17880f4,tu93-0768757b,3,0,3,5.960932577189666,2.0,9,gave_up,14,62,34,3,1,7.143,8,14,1,0,0,0,0,0,0
20260830_110533_game-priors,4c1d5baa6f74,179de17880f4,tu93-0768757b,4,0,4,8.169963663736803,3.0,9,gave_up,30,94,51,4,1,3.333,15,29,1,0,0,0,0,0,0
20260830_110533_game-priors,4c1d5baa6f74,179de17880f4,vc33-5430563c,0,0,0,21.428571428571427,3.0,7,gave_up,41,227,51,4,2,4.878,6,14,1,0,1,0,0,0,0
20260830_110533_game-priors,4c1d5baa6f74,179de17880f4,vc33-5430563c,1,0,1,8.51810515873016,2.0,7,gave_up,42,108,53,3,4,9.524,15,40,1,1,1,0,0,1,0
20260830_110533_game-priors,4c1d5baa6f74,179de17880f4,vc33-5430563c,2,0,2,21.428571428571427,3.0,7,gave_up,23,77,34,4,2,8.696,16,22,1,0,0,0,0,2,0
20260830_110533_game-priors,4c1d5baa6f74,179de17880f4,vc33-5430563c,3,0,3,21.428571428571427,3.0,7,gave_up,35,108,43,4,4,11.429,14,34,0,1,0,0,0,3,0
20260830_110533_game-priors,4c1d5baa6f74,179de17880f4,vc33-5430563c,4,0,4,8.819822046465644,2.0,7,gave_up,30,71,47,3,0,0.0,10,28,0,0,0,0,0,0,0
20260830_110533_game-priors,4c1d5baa6f74,179de17880f4,wa30-ee6fef47,0,0,0,0.8619746246708391,1.0,9,gave_up,31,189,42,2,7,22.581,14,29,0,2,0,0,1,4,0
20260830_110533_game-priors,4c1d5baa6f74,179de17880f4,wa30-ee6fef47,1,0,1,2.2222222222222223,1.0,9,gave_up,63,549,68,2,5,7.937,16,61,1,1,0,0,0,4,0
20260830_110533_game-priors,4c1d5baa6f74,179de17880f4,wa30-ee6fef47,2,0,2,0.8045261578728972,1.0,9,gave_up,59,469,62,2,1,1.695,14,59,0,0,0,0,1,0,0
20260830_110533_game-priors,4c1d5baa6f74,179de17880f4,wa30-ee6fef47,3,0,3,5.766666666666667,2.0,9,gave_up,55,325,60,3,0,0.0,16,55,0,0,0,0,0,0,0
20260830_110533_game-priors,4c1d5baa6f74,179de17880f4,wa30-ee6fef47,4,0,4,2.2222222222222223,1.0,9,gave_up,25,170,36,2,6,24.0,12,25,0,1,0,0,0,5,0
20260830_110533_game-priors,4c1d5baa6f74,179de17880f4,ar25-0c556536,5,5,0,8.333333333333332,2.0,8,gave_up,33,107,37,3,2,6.061,16,33,0,1,0,0,0,1,0
20260830_110533_game-priors,4c1d5baa6f74,179de17880f4,ar25-0c556536,6,5,1,8.2590035795164,2.0,8,gave_up,31,111,33,3,2,6.452,19,28,0,0,0,2,1,0,0
20260830_110533_game-priors,4c1d5baa6f74,179de17880f4,ar25-0c556536,7,5,2,2.7777777777777777,1.0,8,gave_up,18,52,23,2,2,11.111,7,15,0,1,0,0,1,0,0
20260830_110533_game-priors,4c1d5baa6f74,179de17880f4,ar25-0c556536,8,5,3,2.7777777777777777,1.0,8,gave_up,33,86,35,2,0,0.0,8,32,0,0,0,0,0,0,0
20260830_110533_game-priors,4c1d5baa6f74,179de17880f4,ar25-0c556536,9,5,4,16.065088757396452,3.0,8,gave_up,40,177,41,4,1,2.5,11,27,0,0,0,0,1,0,0
20260830_110533_game-priors,4c1d5baa6f74,179de17880f4,bp35-0a0ad940,5,5,0,0.4253472222222222,1.0,9,gave_up,35,72,36,2,1,2.857,14,35,0,0,0,1,0,1,0
20260830_110533_game-priors,4c1d5baa6f74,179de17880f4,bp35-0a0ad940,6,5,1,0.0,0.0,9,gave_up,20,31,22,1,0,0.0,4,8,0,0,0,0,0,0,0
20260830_110533_game-priors,4c1d5baa6f74,179de17880f4,bp35-0a0ad940,7,5,2,0.28152829646653255,1.0,9,gave_up,30,65,30,2,0,0.0,10,28,0,0,0,0,0,0,0
20260830_110533_game-priors,4c1d5baa6f74,179de17880f4,bp35-0a0ad940,8,5,3,0.34887860448558206,1.0,9,gave_up,25,65,27,2,1,4.0,13,24,0,0,0,0,0,1,0
20260830_110533_game-priors,4c1d5baa6f74,179de17880f4,bp35-0a0ad940,9,5,4,0.0,0.0,9,gave_up,35,315,35,1,0,0.0,3,12,0,0,0,0,0,0,0
20260830_110533_game-priors,4c1d5baa6f74,179de17880f4,cd82-fb555c5d,5,5,0,2.7030891170504607,1.0,6,gave_up,50,99,50,2,1,2.0,10,27,0,0,0,0,0,1,0
20260830_110533_game-priors,4c1d5baa6f74,179de17880f4,cd82-fb555c5d,6,5,1,0.0,0.0,6,gave_up,23,40,27,1,0,0.0,5,20,0,0,0,0,0,0,0
20260830_110533_game-priors,4c1d5baa6f74,179de17880f4,cd82-fb555c5d,7,5,2,5.921423353855786,2.0,6,gave_up,33,92,37,3,1,3.03,11,32,0,0,0,0,0,1,0
20260830_110533_game-priors,4c1d5baa6f74,179de17880f4,cd82-fb555c5d,8,5,3,3.353914540322973,2.0,6,gave_up,56,112,56,3,3,5.357,12,56,1,0,1,0,0,2,0
20260830_110533_game-priors,4c1d5baa6f74,179de17880f4,cd82-fb555c5d,9,5,4,4.274606335158168,2.0,6,gave_up,61,121,62,3,2,3.279,9,59,0,0,0,0,0,2,0
20260830_110533_game-priors,4c1d5baa6f74,179de17880f4,cn04-2fe56bfb,5,5,0,0.0,0.0,6,gave_up,23,76,26,1,0,0.0,5,10,0,0,0,0,0,0,0
20260830_110533_game-priors,4c1d5baa6f74,179de17880f4,cn04-2fe56bfb,6,5,1,0.0,0.0,6,gave_up,25,41,26,1,2,8.0,8,22,0,0,0,2,1,1,0
20260830_110533_game-priors,4c1d5baa6f74,179de17880f4,cn04-2fe56bfb,7,5,2,4.449735449735449,1.0,6,gave_up,25,70,26,2,3,12.0,12,25,0,0,0,0,2,1,0
20260830_110533_game-priors,4c1d5baa6f74,179de17880f4,cn04-2fe56bfb,8,5,3,2.5029761904761907,1.0,6,gave_up,33,107,35,2,6,18.182,11,30,3,0,0,4,2,5,0
20260830_110533_game-priors,4c1d5baa6f74,179de17880f4,cn04-2fe56bfb,9,5,4,0.0,0.0,6,gave_up,14,27,17,1,0,0.0,5,14,0,0,0,0,0,0,0
20260830_110533_game-priors,4c1d5baa6f74,179de17880f4,dc22-fdcac232,5,5,0,0.0,0.0,6,gave_up,28,117,29,1,1,3.571,13,28,0,0,0,0,1,1,0
20260830_110533_game-priors,4c1d5baa6f74,179de17880f4,dc22-fdcac232,6,5,1,0.0,0.0,6,gave_up,50,131,50,1,0,0.0,12,47,0,0,0,0,0,0,0
20260830_110533_game-priors,4c1d5baa6f74,179de17880f4,dc22-fdcac232,7,5,2,0.0,0.0,6,gave_up,25,58,28,1,1,4.0,6,22,0,1,0,0,0,1,0
20260830_110533_game-priors,4c1d5baa6f74,179de17880f4,dc22-fdcac232,8,5,3,0.0,0.0,6,gave_up,29,55,31,1,1,3.448,11,28,0,0,0,0,0,1,0
20260830_110533_game-priors,4c1d5baa6f74,179de17880f4,dc22-fdcac232,9,5,4,4.761904761904762,1.0,6,gave_up,22,49,25,2,0,0.0,6,20,0,0,0,0,0,0,0
20260830_110533_game-priors,4c1d5baa6f74,179de17880f4,ft09-0d8bbf25,5,5,0,43.56681176625775,4.0,6,gave_up,27,129,28,5,0,0.0,10,27,0,0,0,0,0,0,0
20260830_110533_game-priors,4c1d5baa6f74,179de17880f4,ft09-0d8bbf25,6,5,1,8.58600583090379,2.0,6,gave_up,21,38,25,3,0,0.0,7,11,0,0,0,0,0,0,0
20260830_110533_game-priors,4c1d5baa6f74,179de17880f4,ft09-0d8bbf25,7,5,2,47.61904761904761,4.0,6,gave_up,29,144,29,5,0,0.0,13,27,0,0,0,0,0,0,0
20260830_110533_game-priors,4c1d5baa6f74,179de17880f4,ft09-0d8bbf25,8,5,3,47.61904761904761,4.0,6,gave_up,20,108,24,5,0,0.0,11,20,0,0,0,0,0,0,0
20260830_110533_game-priors,4c1d5baa6f74,179de17880f4,ft09-0d8bbf25,9,5,4,14.285714285714285,2.0,6,gave_up,17,38,19,3,0,0.0,9,15,0,0,0,0,0,0,0
20260830_110533_game-priors,4c1d5baa6f74,179de17880f4,g50t-5849a774,5,5,0,0.0,0.0,7,gave_up,32,150,33,1,1,3.125,7,32,0,0,0,0,0,1,0
20260830_110533_game-priors,4c1d5baa6f74,179de17880f4,g50t-5849a774,6,5,1,0.0,0.0,7,gave_up,14,25,18,1,1,7.143,7,11,1,0,0,0,0,1,0
20260830_110533_game-priors,4c1d5baa6f74,179de17880f4,g50t-5849a774,7,5,2,3.571428571428571,1.0,7,gave_up,25,75,27,2,1,4.0,6,14,1,0,0,0,0,0,0
20260830_110533_game-priors,4c1d5baa6f74,179de17880f4,g50t-5849a774,8,5,3,0.0,0.0,7,gave_up,21,157,23,1,1,4.762,7,15,1,0,0,0,0,1,0
20260830_110533_game-priors,4c1d5baa6f74,179de17880f4,g50t-5849a774,9,5,4,0.0,0.0,7,gave_up,14,43,18,1,0,0.0,4,14,0,0,0,0,0,0,0
20260830_110533_game-priors,4c1d5baa6f74,179de17880f4,ka59-38d34dbb,5,5,0,0.8618036318867343,1.0,7,gave_up,45,193,45,2,0,0.0,12,42,0,0,0,0,0,0,0
20260830_110533_game-priors,4c1d5baa6f74,179de17880f4,ka59-38d34dbb,6,5,1,3.571428571428571,1.0,7,gave_up,36,81,39,2,4,11.111,6,28,1,0,1,0,0,4,0
20260830_110533_game-priors,4c1d5baa6f74,179de17880f4,ka59-38d34dbb,7,5,2,3.3293697978596914,1.0,7,gave_up,39,83,40,2,1,2.564,5,11,0,1,0,0,0,0,0
20260830_110533_game-priors,4c1d5baa6f74,179de17880f4,ka59-38d34dbb,8,5,3,0.0,0.0,7,gave_up,32,77,35,1,0,0.0,9,22,0,0,0,0,0,0,0
20260830_110533_game-priors,4c1d5baa6f74,179de17880f4,ka59-38d34dbb,9,5,4,2.9136316337148798,1.0,7,gave_up,33,59,33,2,2,6.061,12,33,0,0,0,0,1,2,0
20260830_110533_game-priors,4c1d5baa6f74,179de17880f4,lf52-271a04aa,5,5,0,1.8181818181818181,1.0,10,gave_up,29,26,30,2,0,0.0,12,18,0,0,0,0,0,0,0
20260830_110533_game-priors,4c1d5baa6f74,179de17880f4,lf52-271a04aa,6,5,1,1.8181818181818181,1.0,10,gave_up,34,66,36,2,0,0.0,11,34,0,0,0,0,0,0,0
20260830_110533_game-priors,4c1d5baa6f74,179de17880f4,lf52-271a04aa,7,5,2,1.519851576994434,1.0,10,gave_up,33,45,34,2,0,0.0,7,31,0,0,0,0,0,0,0
20260830_110533_game-priors,4c1d5baa6f74,179de17880f4,lf52-271a04aa,8,5,3,1.8181818181818181,1.0,10,gave_up,29,40,31,2,0,0.0,5,12,0,0,0,0,0,0,0
20260830_110533_game-priors,4c1d5baa6f74,179de17880f4,lf52-271a04aa,9,5,4,1.8181818181818181,1.0,10,gave_up,29,41,34,2,0,0.0,10,28,0,0,0,0,0,0,0
20260830_110533_game-priors,4c1d5baa6f74,179de17880f4,lp85-305b61c3,5,5,0,8.333333333333332,2.0,8,gave_up,20,34,22,3,2,10.0,8,19,0,1,0,0,0,1,0
20260830_110533_game-priors,4c1d5baa6f74,179de17880f4,lp85-305b61c3,6,5,1,16.666666666666664,3.0,8,gave_up,17,49,21,4,0,0.0,6,15,0,0,0,0,0,0,0
20260830_110533_game-priors,4c1d5baa6f74,179de17880f4,lp85-305b61c3,7,5,2,2.7777777777777777,1.0,8,gave_up,17,15,19,2,1,5.882,4,10,0,0,0,0,0,1,0
20260830_110533_game-priors,4c1d5baa6f74,179de17880f4,lp85-305b61c3,8,5,3,41.66666666666667,5.0,8,gave_up,28,137,28,6,2,7.143,11,27,1,0,0,0,0,1,0
20260830_110533_game-priors,4c1d5baa6f74,179de17880f4,lp85-305b61c3,9,5,4,11.11541363154666,3.0,8,gave_up,38,165,38,4,2,5.263,23,37,2,1,0,0,0,1,0
20260830_110533_game-priors,4c1d5baa6f74,179de17880f4,ls20-9607627b,5,5,0,3.571428571428571,1.0,7,gave_up,15,78,16,2,0,0.0,6,14,0,0,0,0,0,0,0
20260830_110533_game-priors,4c1d5baa6f74,179de17880f4,ls20-9607627b,6,5,1,2.055376252760319,1.0,7,gave_up,30,118,33,2,1,3.333,7,30,0,0,0,0,0,1,0
20260830_110533_game-priors,4c1d5baa6f74,179de17880f4,ls20-9607627b,7,5,2,0.3527696793002915,1.0,7,gave_up,43,200,44,2,2,4.651,12,43,1,0,0,0,0,2,0
20260830_110533_game-priors,4c1d5baa6f74,179de17880f4,ls20-9607627b,8,5,3,0.0,0.0,7,gave_up,25,90,26,1,1,4.0,11,24,1,0,0,0,0,1,0
20260830_110533_game-priors,4c1d5baa6f74,179de17880f4,ls20-9607627b,9,5,4,3.571428571428571,1.0,7,gave_up,16,58,20,2,0,0.0,4,14,0,0,0,0,0,0,0
20260830_110533_game-priors,4c1d5baa6f74,179de17880f4,m0r0-492f87ba,5,5,0,4.761904761904762,1.0,6,gave_up,18,42,20,2,1,5.556,9,13,1,0,0,0,0,1,0
20260830_110533_game-priors,4c1d5baa6f74,179de17880f4,m0r0-492f87ba,6,5,1,0.0,0.0,6,gave_up,16,42,18,1,0,0.0,7,14,0,0,0,0,0,0,0
20260830_110533_game-priors,4c1d5baa6f74,179de17880f4,m0r0-492f87ba,7,5,2,0.8501714512426672,1.0,6,gave_up,36,89,41,2,0,0.0,1,22,0,0,0,0,0,0,0
20260830_110533_game-priors,4c1d5baa6f74,179de17880f4,m0r0-492f87ba,8,5,3,4.761904761904762,1.0,6,gave_up,20,77,25,2,0,0.0,7,19,0,0,0,0,0,0,0
20260830_110533_game-priors,4c1d5baa6f74,179de17880f4,m0r0-492f87ba,9,5,4,0.0,0.0,6,gave_up,38,100,40,1,0,0.0,10,25,0,0,0,0,0,0,0
20260830_110533_game-priors,4c1d5baa6f74,179de17880f4,r11l-495a7899,5,5,0,4.761904761904762,1.0,6,gave_up,38,37,38,2,1,2.632,15,36,0,1,0,0,0,1,0
20260830_110533_game-priors,4c1d5baa6f74,179de17880f4,r11l-495a7899,6,5,1,3.6876190476190476,1.0,6,gave_up,34,51,35,2,1,2.941,8,29,1,0,0,0,0,0,0
20260830_110533_game-priors,4c1d5baa6f74,179de17880f4,r11l-495a7899,7,5,2,0.0,0.0,6,gave_up,73,73,75,1,1,1.37,9,72,1,0,0,0,0,0,0
20260830_110533_game-priors,4c1d5baa6f74,179de17880f4,r11l-495a7899,8,5,3,1.138154027042916,1.0,6,gave_up,42,69,43,2,0,0.0,0,0,0,0,0,0,0,0,0
20260830_110533_game-priors,4c1d5baa6f74,179de17880f4,r11l-495a7899,9,5,4,0.0,0.0,6,gave_up,25,22,27,1,0,0.0,0,0,0,0,0,0,0,0,0
20260830_110533_game-priors,4c1d5baa6f74,179de17880f4,re86-8af5384d,5,5,0,2.7777777777777777,1.0,8,gave_up,24,204,29,2,2,8.333,9,24,0,1,0,1,0,2,0
20260830_110533_game-priors,4c1d5baa6f74,179de17880f4,re86-8af5384d,6,5,1,1.0155639685115077,1.0,8,gave_up,21,83,23,2,5,23.81,10,20,2,0,0,3,1,3,0
20260830_110533_game-priors,4c1d5baa6f74,179de17880f4,re86-8af5384d,7,5,2,16.666666666666664,3.0,8,gave_up,46,211,46,4,0,0.0,8,23,0,0,0,0,0,0,0
20260830_110533_game-priors,4c1d5baa6f74,179de17880f4,re86-8af5384d,8,5,3,2.854558151285011,2.0,8,gave_up,41,146,41,3,2,4.878,15,26,0,0,0,0,0,2,0
20260830_110533_game-priors,4c1d5baa6f74,179de17880f4,re86-8af5384d,9,5,4,5.977786067748188,2.0,8,cancelled,26,87,26,3,1,3.846,13,24,0,0,0,0,1,0,0
20260830_110533_game-priors,4c1d5baa6f74,179de17880f4,s5i5-18d95033,5,5,0,0.18262838775659285,1.0,8,gave_up,48,110,51,2,1,2.083,13,47,0,0,0,1,0,1,0
20260830_110533_game-priors,4c1d5baa6f74,179de17880f4,s5i5-18d95033,6,5,1,1.7777777777777781,1.0,8,gave_up,31,56,32,2,0,0.0,15,31,0,0,0,0,0,0,0
20260830_110533_game-priors,4c1d5baa6f74,179de17880f4,s5i5-18d95033,7,5,2,1.9290123456790127,1.0,8,gave_up,30,49,30,2,2,6.667,12,28,0,1,1,0,1,1,0
20260830_110533_game-priors,4c1d5baa6f74,179de17880f4,s5i5-18d95033,8,5,3,2.1003990758244067,1.0,8,gave_up,21,40,22,2,2,9.524,11,18,0,0,1,0,0,1,0
20260830_110533_game-priors,4c1d5baa6f74,179de17880f4,s5i5-18d95033,9,5,4,0.6609822195782933,1.0,8,cancelled,24,65,24,2,0,0.0,10,20,0,0,0,0,0,0,0
20260830_110533_game-priors,4c1d5baa6f74,179de17880f4,sb26-7fbdac44,5,5,0,2.7777777777777777,1.0,8,gave_up,25,90,29,2,0,0.0,13,24,0,0,0,0,0,0,0
20260830_110533_game-priors,4c1d5baa6f74,179de17880f4,sb26-7fbdac44,6,5,1,2.7777777777777777,1.0,8,gave_up,44,185,45,2,2,4.545,21,43,0,0,0,0,0,2,0
20260830_110533_game-priors,4c1d5baa6f74,179de17880f4,sb26-7fbdac44,7,5,2,2.7777777777777777,1.0,8,gave_up,38,120,38,2,1,2.632,14,24,1,0,0,0,0,1,0
20260830_110533_game-priors,4c1d5baa6f74,179de17880f4,sb26-7fbdac44,8,5,3,2.7777777777777777,1.0,8,gave_up,37,151,38,2,1,2.703,21,30,1,0,0,0,0,1,0
20260830_110533_game-priors,4c1d5baa6f74,179de17880f4,sb26-7fbdac44,9,5,4,2.7777777777777777,1.0,8,cancelled,24,137,24,2,2,8.333,19,21,1,0,0,0,0,1,0
20260830_110533_game-priors,4c1d5baa6f74,179de17880f4,sc25-635fd71a,5,5,0,0.9178210249001446,1.0,6,gave_up,40,132,42,2,1,2.5,11,40,1,0,0,0,0,0,0
20260830_110533_game-priors,4c1d5baa6f74,179de17880f4,sc25-635fd71a,6,5,1,7.857142857142857,2.0,6,gave_up,34,53,35,3,1,2.941,9,34,0,0,0,0,0,1,0
20260830_110533_game-priors,4c1d5baa6f74,179de17880f4,sc25-635fd71a,7,5,2,0.0,0.0,6,gave_up,33,90,36,1,2,6.061,13,33,1,0,0,1,0,1,0
20260830_110533_game-priors,4c1d5baa6f74,179de17880f4,sc25-635fd71a,8,5,3,12.369146005509641,2.0,6,gave_up,42,97,42,3,0,0.0,12,42,0,0,0,0,0,0,0
20260830_110533_game-priors,4c1d5baa6f74,179de17880f4,sc25-635fd71a,9,5,4,0.0,0.0,6,gave_up,30,104,33,1,0,0.0,1,2,0,0,0,0,0,0,0
20260830_110533_game-priors,4c1d5baa6f74,179de17880f4,sk48-d8078629,5,5,0,0.0,0.0,8,gave_up,35,39,37,1,0,0.0,7,17,0,0,0,0,0,0,0
20260830_110533_game-priors,4c1d5baa6f74,179de17880f4,sk48-d8078629,6,5,1,0.0,0.0,8,gave_up,70,140,72,1,1,1.429,14,69,0,0,0,0,0,1,0
20260830_110533_game-priors,4c1d5baa6f74,179de17880f4,sk48-d8078629,7,5,2,0.0,0.0,8,gave_up,27,74,29,1,1,3.704,10,26,1,0,0,0,0,0,0
20260830_110533_game-priors,4c1d5baa6f74,179de17880f4,sk48-d8078629,8,5,3,0.0,0.0,8,gave_up,27,40,30,1,1,3.704,5,27,1,0,0,0,0,1,0
20260830_110533_game-priors,4c1d5baa6f74,179de17880f4,sk48-d8078629,9,5,4,0.0,0.0,8,gave_up,56,292,56,1,0,0.0,24,56,0,0,0,0,0,0,0
20260830_110533_game-priors,4c1d5baa6f74,179de17880f4,sp80-589a99af,5,5,0,4.761904761904762,1.0,6,gave_up,22,69,28,2,3,13.636,12,15,0,0,0,0,0,3,0
20260830_110533_game-priors,4c1d5baa6f74,179de17880f4,sp80-589a99af,6,5,1,0.2210816868489101,1.0,6,gave_up,38,187,39,2,0,0.0,10,25,0,0,0,0,0,0,0
20260830_110533_game-priors,4c1d5baa6f74,179de17880f4,sp80-589a99af,7,5,2,0.0,0.0,6,gave_up,38,116,38,1,3,7.895,13,38,0,0,1,0,0,2,0
20260830_110533_game-priors,4c1d5baa6f74,179de17880f4,sp80-589a99af,8,5,3,0.0,0.0,6,gave_up,38,125,39,1,1,2.632,11,19,1,1,0,0,0,0,0
20260830_110533_game-priors,4c1d5baa6f74,179de17880f4,sp80-589a99af,9,5,4,0.1566870122846326,1.0,6,gave_up,52,245,52,2,1,1.923,13,46,1,0,0,0,0,0,0
20260830_110533_game-priors,4c1d5baa6f74,179de17880f4,su15-1944f8ab,5,5,0,2.2222222222222223,1.0,9,gave_up,33,60,34,2,2,6.061,10,28,2,0,0,0,0,0,0
20260830_110533_game-priors,4c1d5baa6f74,179de17880f4,su15-1944f8ab,6,5,1,2.2222222222222223,1.0,9,gave_up,36,53,38,2,2,5.556,16,34,1,0,0,0,0,1,0
20260830_110533_game-priors,4c1d5baa6f74,179de17880f4,su15-1944f8ab,7,5,2,1.5910585141354372,1.0,9,gave_up,27,52,29,2,1,3.704,19,27,0,0,0,0,0,1,0
20260830_110533_game-priors,4c1d5baa6f74,179de17880f4,su15-1944f8ab,8,5,3,8.62465734788967,3.0,9,gave_up,73,151,73,4,2,2.74,25,73,1,0,0,0,0,1,0
20260830_110533_game-priors,4c1d5baa6f74,179de17880f4,su15-1944f8ab,9,5,4,0.3555555555555556,1.0,9,cancelled,68,117,68,2,4,5.882,24,68,0,0,0,0,1,3,0
20260830_110533_game-priors,4c1d5baa6f74,179de17880f4,tn36-ef4dde99,5,5,0,3.571428571428571,1.0,7,gave_up,30,85,32,2,2,6.667,15,28,1,2,0,2,1,0,1
20260830_110533_game-priors,4c1d5baa6f74,179de17880f4,tn36-ef4dde99,6,5,1,0.0,0.0,7,gave_up,32,62,35,1,0,0.0,12,31,0,0,0,0,0,0,0
20260830_110533_game-priors,4c1d5baa6f74,179de17880f4,tn36-ef4dde99,7,5,2,0.0,0.0,7,gave_up,23,48,24,1,1,4.348,10,22,1,0,0,0,0,1,0
20260830_110533_game-priors,4c1d5baa6f74,179de17880f4,tn36-ef4dde99,8,5,3,0.0,0.0,7,gave_up,32,76,32,1,2,6.25,13,31,1,0,0,0,0,1,0
20260830_110533_game-priors,4c1d5baa6f74,179de17880f4,tn36-ef4dde99,9,5,4,3.571428571428571,1.0,7,gave_up,30,130,32,2,1,3.333,11,28,0,0,0,0,0,1,0
20260830_110533_game-priors,4c1d5baa6f74,179de17880f4,tr87-cd924810,5,5,0,0.0,0.0,6,gave_up,27,151,27,1,1,3.704,8,15,0,0,0,0,1,1,0
20260830_110533_game-priors,4c1d5baa6f74,179de17880f4,tr87-cd924810,6,5,1,0.0,0.0,6,gave_up,18,130,22,1,1,5.556,7,17,0,0,0,0,1,0,0
20260830_110533_game-priors,4c1d5baa6f74,179de17880f4,tr87-cd924810,7,5,2,0.0,0.0,6,gave_up,33,173,33,1,1,3.03,9,30,1,0,0,0,0,0,0
20260830_110533_game-priors,4c1d5baa6f74,179de17880f4,tr87-cd924810,8,5,3,0.0,0.0,6,gave_up,22,116,26,1,0,0.0,2,7,0,0,0,0,0,0,0
20260830_110533_game-priors,4c1d5baa6f74,179de17880f4,tr87-cd924810,9,5,4,0.0,0.0,6,cancelled,14,41,16,1,0,0.0,2,12,0,0,0,0,0,0,0
20260830_110533_game-priors,4c1d5baa6f74,179de17880f4,tu93-0768757b,5,5,0,20.832919943700162,4.0,9,gave_up,28,125,32,5,2,7.143,10,27,2,0,1,0,0,1,0
20260830_110533_game-priors,4c1d5baa6f74,179de17880f4,tu93-0768757b,6,5,1,6.15916955017301,2.0,9,gave_up,13,50,16,3,1,7.692,7,11,1,0,0,0,0,0,0
20260830_110533_game-priors,4c1d5baa6f74,179de17880f4,tu93-0768757b,7,5,2,2.3761294053887902,2.0,9,gave_up,20,69,23,3,1,5.0,11,20,1,0,0,0,0,0,0
20260830_110533_game-priors,4c1d5baa6f74,179de17880f4,tu93-0768757b,8,5,3,10.596875787351978,3.0,9,gave_up,24,98,28,4,0,0.0,16,24,0,0,0,0,0,0,0
20260830_110533_game-priors,4c1d5baa6f74,179de17880f4,tu93-0768757b,9,5,4,2.2222222222222223,1.0,9,gave_up,11,42,15,2,0,0.0,5,8,0,0,0,0,0,0,0
20260830_110533_game-priors,4c1d5baa6f74,179de17880f4,vc33-5430563c,5,5,0,10.714285714285714,2.0,7,gave_up,25,43,26,3,0,0.0,7,18,0,0,0,0,0,0,0
20260830_110533_game-priors,4c1d5baa6f74,179de17880f4,vc33-5430563c,6,5,1,21.428571428571427,3.0,7,gave_up,32,72,32,4,2,6.25,9,29,0,0,0,0,0,1,1
20260830_110533_game-priors,4c1d5baa6f74,179de17880f4,vc33-5430563c,7,5,2,21.428571428571427,3.0,7,gave_up,31,65,33,4,1,3.226,13,31,0,0,0,0,0,1,0
20260830_110533_game-priors,4c1d5baa6f74,179de17880f4,vc33-5430563c,8,5,3,9.249788672865595,2.0,7,gave_up,20,40,20,3,0,0.0,6,13,0,0,0,0,0,0,0
20260830_110533_game-priors,4c1d5baa6f74,179de17880f4,vc33-5430563c,9,5,4,10.714285714285714,2.0,7,gave_up,23,32,24,3,0,0.0,10,16,0,0,0,0,0,0,0
20260830_110533_game-priors,4c1d5baa6f74,179de17880f4,wa30-ee6fef47,5,5,0,0.0,0.0,9,gave_up,21,27,24,1,5,23.81,15,18,2,1,0,0,0,4,0
20260830_110533_game-priors,4c1d5baa6f74,179de17880f4,wa30-ee6fef47,6,5,1,0.9969937898026185,1.0,9,gave_up,44,121,46,2,7,15.909,13,44,3,0,0,3,0,2,0
20260830_110533_game-priors,4c1d5baa6f74,179de17880f4,wa30-ee6fef47,7,5,2,0.0,0.0,9,gave_up,57,250,58,1,2,3.509,6,19,0,0,0,0,0,2,0
20260830_110533_game-priors,4c1d5baa6f74,179de17880f4,wa30-ee6fef47,8,5,3,1.190585845703286,1.0,9,gave_up,89,173,89,2,5,5.618,14,86,1,1,0,0,0,4,0
20260830_110533_game-priors,4c1d5baa6f74,179de17880f4,wa30-ee6fef47,9,5,4,0.0,0.0,9,gave_up,65,102,67,1,2,3.077,11,65,2,0,0,0,0,0,0
20260831_083143_remove_model_headings_and_game_priors,4c1d5baa6f74,179de17880f4,ar25-0c556536,0,0,0,8.333333333333332,2.0,8,gave_up,26,117,43,3,0,0.0,3,13,0,0,0,0,0,0,0
20260831_083143_remove_model_headings_and_game_priors,4c1d5baa6f74,179de17880f4,ar25-0c556536,1,0,1,2.7777777777777777,1.0,8,gave_up,25,112,37,2,1,4.0,11,25,0,0,0,0,0,1,0
20260831_083143_remove_model_headings_and_game_priors,4c1d5baa6f74,179de17880f4,ar25-0c556536,2,0,2,18.70470604258559,4.0,8,gave_up,34,207,52,5,6,17.647,13,34,1,1,0,0,1,5,0
20260831_083143_remove_model_headings_and_game_priors,4c1d5baa6f74,179de17880f4,ar25-0c556536,3,0,3,16.666666666666664,3.0,8,gave_up,39,213,47,4,2,5.128,11,39,1,1,0,0,0,0,0
20260831_083143_remove_model_headings_and_game_priors,4c1d5baa6f74,179de17880f4,ar25-0c556536,4,0,4,8.333333333333332,2.0,8,gave_up,56,265,63,3,1,1.786,9,54,1,0,0,0,0,0,0
20260831_083143_remove_model_headings_and_game_priors,4c1d5baa6f74,179de17880f4,bp35-0a0ad940,0,0,0,0.0,0.0,9,gave_up,59,444,63,1,0,0.0,15,57,0,0,0,0,0,0,0
20260831_083143_remove_model_headings_and_game_priors,4c1d5baa6f74,179de17880f4,bp35-0a0ad940,1,0,1,2.2222222222222223,1.0,9,gave_up,29,58,40,2,0,0.0,10,28,0,0,0,0,0,0,0
20260831_083143_remove_model_headings_and_game_priors,4c1d5baa6f74,179de17880f4,bp35-0a0ad940,2,0,2,0.0,0.0,9,gave_up,46,296,54,1,1,2.174,15,44,1,0,0,0,0,0,0
20260831_083143_remove_model_headings_and_game_priors,4c1d5baa6f74,179de17880f4,bp35-0a0ad940,3,0,3,0.95703125,1.0,9,gave_up,25,76,39,2,2,8.0,12,25,0,0,0,0,0,2,0
20260831_083143_remove_model_headings_and_game_priors,4c1d5baa6f74,179de17880f4,bp35-0a0ad940,4,0,4,0.254942767950052,1.0,9,gave_up,20,73,41,2,0,0.0,11,20,0,0,0,0,0,0,0
20260831_083143_remove_model_headings_and_game_priors,4c1d5baa6f74,179de17880f4,cd82-fb555c5d,0,0,0,6.1104504236658235,2.0,6,gave_up,28,105,44,3,0,0.0,11,27,0,0,0,0,0,0,0
20260831_083143_remove_model_headings_and_game_priors,4c1d5baa6f74,179de17880f4,cd82-fb555c5d,1,0,1,5.685217845711673,2.0,6,gave_up,35,167,48,3,2,5.714,9,35,1,0,0,0,0,1,0
20260831_083143_remove_model_headings_and_game_priors,4c1d5baa6f74,179de17880f4,cd82-fb555c5d,2,0,2,4.761904761904762,1.0,6,gave_up,38,89,50,2,0,0.0,2,7,0,0,0,0,0,0,0
20260831_083143_remove_model_headings_and_game_priors,4c1d5baa6f74,179de17880f4,cd82-fb555c5d,3,0,3,0.0,0.0,6,gave_up,44,101,49,1,1,2.273,13,44,1,0,0,0,0,1,0
20260831_083143_remove_model_headings_and_game_priors,4c1d5baa6f74,179de17880f4,cd82-fb555c5d,4,0,4,4.761904761904762,1.0,6,gave_up,37,119,45,2,0,0.0,6,35,0,0,0,0,0,0,0
20260831_083143_remove_model_headings_and_game_priors,4c1d5baa6f74,179de17880f4,cn04-2fe56bfb,0,0,0,1.4810510002817696,1.0,6,gave_up,13,87,35,2,2,15.385,6,13,1,0,0,1,0,1,0
20260831_083143_remove_model_headings_and_game_priors,4c1d5baa6f74,179de17880f4,cn04-2fe56bfb,1,0,1,0.0,0.0,6,gave_up,48,111,54,1,1,2.083,14,46,1,0,0,0,0,0,0
20260831_083143_remove_model_headings_and_game_priors,4c1d5baa6f74,179de17880f4,cn04-2fe56bfb,2,0,2,0.0,0.0,6,gave_up,26,63,41,1,0,0.0,0,0,0,0,0,0,0,0,0
20260831_083143_remove_model_headings_and_game_priors,4c1d5baa6f74,179de17880f4,cn04-2fe56bfb,3,0,3,4.761904761904762,1.0,6,gave_up,20,50,36,2,8,40.0,14,20,6,0,0,0,1,2,0
20260831_083143_remove_model_headings_and_game_priors,4c1d5baa6f74,179de17880f4,cn04-2fe56bfb,4,0,4,4.761904761904762,1.0,6,gave_up,12,30,29,2,6,50.0,9,12,1,0,0,0,0,5,0
20260831_083143_remove_model_headings_and_game_priors,4c1d5baa6f74,179de17880f4,dc22-fdcac232,0,0,0,0.0,0.0,6,gave_up,51,256,60,1,0,0.0,23,51,0,0,0,0,0,0,0
20260831_083143_remove_model_headings_and_game_priors,4c1d5baa6f74,179de17880f4,dc22-fdcac232,1,0,1,11.523902529761905,2.0,6,gave_up,42,190,44,3,1,2.381,12,41,0,0,0,0,0,1,0
20260831_083143_remove_model_headings_and_game_priors,4c1d5baa6f74,179de17880f4,dc22-fdcac232,2,0,2,0.8220685616043679,1.0,6,gave_up,48,217,54,2,2,4.167,15,47,1,0,0,0,0,1,0
20260831_083143_remove_model_headings_and_game_priors,4c1d5baa6f74,179de17880f4,dc22-fdcac232,3,0,3,0.0,0.0,6,gave_up,55,483,64,1,2,3.636,17,53,0,0,0,0,0,2,0
20260831_083143_remove_model_headings_and_game_priors,4c1d5baa6f74,179de17880f4,dc22-fdcac232,4,0,4,0.0,0.0,6,gave_up,37,322,47,1,0,0.0,12,35,0,0,0,0,0,0,0
20260831_083143_remove_model_headings_and_game_priors,4c1d5baa6f74,179de17880f4,ft09-0d8bbf25,0,0,0,8.58600583090379,2.0,6,gave_up,25,62,50,3,0,0.0,6,14,0,0,0,0,0,0,0
20260831_083143_remove_model_headings_and_game_priors,4c1d5baa6f74,179de17880f4,ft09-0d8bbf25,1,0,1,28.643999671631963,4.0,6,gave_up,33,172,47,5,1,3.03,13,32,0,0,0,0,0,1,0
20260831_083143_remove_model_headings_and_game_priors,4c1d5baa6f74,179de17880f4,ft09-0d8bbf25,2,0,2,13.569729913368437,2.0,6,gave_up,19,93,41,3,0,0.0,9,19,0,0,0,0,0,0,0
20260831_083143_remove_model_headings_and_game_priors,4c1d5baa6f74,179de17880f4,ft09-0d8bbf25,3,0,3,14.285714285714285,2.0,6,gave_up,13,39,28,3,1,7.692,4,13,1,0,0,0,1,1,0
20260831_083143_remove_model_headings_and_game_priors,4c1d5baa6f74,179de17880f4,ft09-0d8bbf25,4,0,4,25.09258054074397,4.0,6,gave_up,33,158,46,5,2,6.061,15,31,1,1,0,0,0,0,0
20260831_083143_remove_model_headings_and_game_priors,4c1d5baa6f74,179de17880f4,g50t-5849a774,0,0,0,0.0,0.0,7,gave_up,34,393,48,1,0,0.0,1,1,0,0,0,0,0,0,0
20260831_083143_remove_model_headings_and_game_priors,4c1d5baa6f74,179de17880f4,g50t-5849a774,1,0,1,0.0,0.0,7,gave_up,19,135,33,1,0,0.0,5,19,0,0,0,0,0,0,0
20260831_083143_remove_model_headings_and_game_priors,4c1d5baa6f74,179de17880f4,g50t-5849a774,2,0,2,0.0,0.0,7,gave_up,22,100,41,1,1,4.545,7,21,0,0,0,0,0,1,0
20260831_083143_remove_model_headings_and_game_priors,4c1d5baa6f74,179de17880f4,g50t-5849a774,3,0,3,0.0,0.0,7,gave_up,21,114,34,1,0,0.0,0,0,0,0,0,0,0,0,0
20260831_083143_remove_model_headings_and_game_priors,4c1d5baa6f74,179de17880f4,g50t-5849a774,4,0,4,0.45721259634229927,1.0,7,gave_up,31,232,44,2,0,0.0,14,31,0,0,0,0,0,0,0
20260831_083143_remove_model_headings_and_game_priors,4c1d5baa6f74,179de17880f4,ka59-38d34dbb,0,0,0,10.714285714285714,2.0,7,gave_up,58,315,62,3,1,1.724,18,56,1,0,1,0,0,1,0
20260831_083143_remove_model_headings_and_game_priors,4c1d5baa6f74,179de17880f4,ka59-38d34dbb,1,0,1,10.374779541446207,2.0,7,gave_up,44,227,48,3,2,4.545,17,44,0,0,0,0,0,2,0
20260831_083143_remove_model_headings_and_game_priors,4c1d5baa6f74,179de17880f4,ka59-38d34dbb,2,0,2,0.0,0.0,7,gave_up,44,197,51,1,19,43.182,29,42,10,0,0,0,2,19,0
20260831_083143_remove_model_headings_and_game_priors,4c1d5baa6f74,179de17880f4,ka59-38d34dbb,3,0,3,1.12,1.0,7,gave_up,27,77,39,2,0,0.0,7,27,0,0,0,0,0,0,0
20260831_083143_remove_model_headings_and_game_priors,4c1d5baa6f74,179de17880f4,ka59-38d34dbb,4,0,4,0.7284079084287199,1.0,7,gave_up,27,133,38,2,2,7.407,7,27,2,0,0,0,0,0,0
20260831_083143_remove_model_headings_and_game_priors,4c1d5baa6f74,179de17880f4,lf52-271a04aa,0,0,0,1.8181818181818181,1.0,10,gave_up,57,233,64,2,0,0.0,16,55,0,0,0,0,0,0,0
20260831_083143_remove_model_headings_and_game_priors,4c1d5baa6f74,179de17880f4,lf52-271a04aa,1,0,1,0.0,0.0,10,gave_up,43,195,58,1,1,2.326,10,39,1,0,0,0,0,0,0
20260831_083143_remove_model_headings_and_game_priors,4c1d5baa6f74,179de17880f4,lf52-271a04aa,2,0,2,1.8181818181818181,1.0,10,gave_up,54,140,63,2,0,0.0,13,51,0,0,0,0,0,0,0
20260831_083143_remove_model_headings_and_game_priors,4c1d5baa6f74,179de17880f4,lf52-271a04aa,3,0,3,1.8181818181818181,1.0,10,gave_up,49,177,57,2,1,2.041,17,48,1,0,0,0,1,0,0
20260831_083143_remove_model_headings_and_game_priors,4c1d5baa6f74,179de17880f4,lf52-271a04aa,4,0,4,2.8111778331558552,2.0,10,gave_up,55,204,63,3,1,1.818,20,51,1,0,0,0,1,1,0
20260831_083143_remove_model_headings_and_game_priors,4c1d5baa6f74,179de17880f4,lp85-305b61c3,0,0,0,27.046014158202524,4.0,8,gave_up,17,55,33,5,3,17.647,8,17,1,0,0,0,1,3,0
20260831_083143_remove_model_headings_and_game_priors,4c1d5baa6f74,179de17880f4,lp85-305b61c3,1,0,1,8.333333333333332,2.0,8,gave_up,23,62,38,3,1,4.348,10,22,0,0,0,0,0,1,0
20260831_083143_remove_model_headings_and_game_priors,4c1d5baa6f74,179de17880f4,lp85-305b61c3,2,0,2,22.794784580498867,4.0,8,gave_up,21,68,37,5,0,0.0,6,17,0,0,0,0,0,0,0
20260831_083143_remove_model_headings_and_game_priors,4c1d5baa6f74,179de17880f4,lp85-305b61c3,3,0,3,41.66666666666667,5.0,8,gave_up,24,81,35,6,1,4.167,14,24,1,0,0,0,1,0,0
20260831_083143_remove_model_headings_and_game_priors,4c1d5baa6f74,179de17880f4,lp85-305b61c3,4,0,4,16.666666666666664,3.0,8,gave_up,25,57,37,4,2,8.0,11,23,0,1,1,0,0,2,0
20260831_083143_remove_model_headings_and_game_priors,4c1d5baa6f74,179de17880f4,ls20-9607627b,0,0,0,3.0009920634920633,1.0,7,gave_up,26,285,34,2,7,26.923,13,25,1,2,0,0,0,5,0
20260831_083143_remove_model_headings_and_game_priors,4c1d5baa6f74,179de17880f4,ls20-9607627b,1,0,1,0.9799157758341431,1.0,7,gave_up,15,98,36,2,2,13.333,9,15,1,0,0,0,0,2,0
20260831_083143_remove_model_headings_and_game_priors,4c1d5baa6f74,179de17880f4,ls20-9607627b,2,0,2,0.0,0.0,7,gave_up,26,252,38,1,2,7.692,17,25,0,0,0,0,0,2,0
20260831_083143_remove_model_headings_and_game_priors,4c1d5baa6f74,179de17880f4,ls20-9607627b,3,0,3,0.0,0.0,7,gave_up,23,202,38,1,3,13.043,13,23,1,0,0,0,0,2,0
20260831_083143_remove_model_headings_and_game_priors,4c1d5baa6f74,179de17880f4,ls20-9607627b,4,0,4,3.571428571428571,1.0,7,gave_up,32,207,46,2,3,9.375,9,32,1,0,0,0,0,2,0
20260831_083143_remove_model_headings_and_game_priors,4c1d5baa6f74,179de17880f4,m0r0-492f87ba,0,0,0,1.1904761904761905,1.0,6,gave_up,28,181,42,2,1,3.571,15,28,0,0,0,0,0,1,0
20260831_083143_remove_model_headings_and_game_priors,4c1d5baa6f74,179de17880f4,m0r0-492f87ba,1,0,1,0.6221097816394667,1.0,6,gave_up,40,142,50,2,0,0.0,11,39,0,0,0,0,0,0,0
20260831_083143_remove_model_headings_and_game_priors,4c1d5baa6f74,179de17880f4,m0r0-492f87ba,2,0,2,4.761904761904762,1.0,6,gave_up,34,226,47,2,0,0.0,6,23,0,0,0,0,0,0,0
20260831_083143_remove_model_headings_and_game_priors,4c1d5baa6f74,179de17880f4,m0r0-492f87ba,3,0,3,0.0,0.0,6,gave_up,30,210,49,1,1,3.333,12,29,1,0,0,0,0,0,0
20260831_083143_remove_model_headings_and_game_priors,4c1d5baa6f74,179de17880f4,m0r0-492f87ba,4,0,4,2.5495028469448457,1.0,6,gave_up,38,253,53,2,4,10.526,20,35,3,0,0,0,1,1,0
20260831_083143_remove_model_headings_and_game_priors,4c1d5baa6f74,179de17880f4,r11l-495a7899,0,0,0,4.761904761904762,1.0,6,gave_up,36,39,46,2,1,2.778,13,34,1,0,0,0,0,1,0
20260831_083143_remove_model_headings_and_game_priors,4c1d5baa6f74,179de17880f4,r11l-495a7899,1,0,1,14.285714285714285,2.0,6,gave_up,14,49,33,3,0,0.0,5,9,0,0,0,0,0,0,0
20260831_083143_remove_model_headings_and_game_priors,4c1d5baa6f74,179de17880f4,r11l-495a7899,2,0,2,4.761904761904762,1.0,6,gave_up,19,24,32,2,1,5.263,1,1,0,0,1,0,0,0,0
20260831_083143_remove_model_headings_and_game_priors,4c1d5baa6f74,179de17880f4,r11l-495a7899,3,0,3,2.740501670347092,1.0,6,gave_up,24,38,41,2,0,0.0,11,23,0,0,0,0,0,0,0
20260831_083143_remove_model_headings_and_game_priors,4c1d5baa6f74,179de17880f4,r11l-495a7899,4,0,4,14.285714285714285,2.0,6,gave_up,17,26,33,3,1,5.882,11,17,0,0,0,0,0,1,0
20260831_083143_remove_model_headings_and_game_priors,4c1d5baa6f74,179de17880f4,re86-8af5384d,0,0,0,16.666666666666664,3.0,8,gave_up,37,322,53,4,3,8.108,14,37,0,2,1,0,0,2,0
20260831_083143_remove_model_headings_and_game_priors,4c1d5baa6f74,179de17880f4,re86-8af5384d,1,0,1,8.296991812482556,3.0,8,gave_up,36,250,44,4,1,2.778,13,29,0,0,0,0,1,0,0
20260831_083143_remove_model_headings_and_game_priors,4c1d5baa6f74,179de17880f4,re86-8af5384d,2,0,2,14.589709009750935,3.0,8,gave_up,37,321,48,4,0,0.0,15,36,0,0,0,0,0,0,0
20260831_083143_remove_model_headings_and_game_priors,4c1d5baa6f74,179de17880f4,re86-8af5384d,3,0,3,0.0752194270861151,1.0,8,gave_up,35,194,49,2,4,11.429,15,29,0,0,0,0,1,4,0
20260831_083143_remove_model_headings_and_game_priors,4c1d5baa6f74,179de17880f4,re86-8af5384d,4,0,4,2.7777777777777777,1.0,8,cancelled,20,124,31,2,7,35.0,12,20,0,0,0,0,2,5,0
20260831_083143_remove_model_headings_and_game_priors,4c1d5baa6f74,179de17880f4,s5i5-18d95033,0,0,0,2.295684113865932,1.0,8,gave_up,38,109,48,2,1,2.632,9,38,0,0,0,0,0,1,0
20260831_083143_remove_model_headings_and_game_priors,4c1d5baa6f74,179de17880f4,s5i5-18d95033,1,0,1,2.1003990758244067,1.0,8,gave_up,25,46,41,2,0,0.0,12,22,0,0,0,0,0,0,0
20260831_083143_remove_model_headings_and_game_priors,4c1d5baa6f74,179de17880f4,s5i5-18d95033,2,0,2,2.7777777777777777,1.0,8,gave_up,24,91,38,2,1,4.167,12,23,0,0,0,0,0,1,0
20260831_083143_remove_model_headings_and_game_priors,4c1d5baa6f74,179de17880f4,s5i5-18d95033,3,0,3,0.023595980188815036,1.0,8,gave_up,50,271,55,2,0,0.0,20,47,0,0,0,0,0,0,0
20260831_083143_remove_model_headings_and_game_priors,4c1d5baa6f74,179de17880f4,s5i5-18d95033,4,0,4,0.6298815822625347,1.0,8,cancelled,23,74,32,2,1,4.348,10,23,1,0,0,0,0,1,0
20260831_083143_remove_model_headings_and_game_priors,4c1d5baa6f74,179de17880f4,sb26-7fbdac44,0,0,0,2.7777777777777777,1.0,8,gave_up,43,215,52,2,1,2.326,16,40,0,0,0,0,0,1,0
20260831_083143_remove_model_headings_and_game_priors,4c1d5baa6f74,179de17880f4,sb26-7fbdac44,1,0,1,16.596619696531135,4.0,8,gave_up,46,270,56,5,5,10.87,18,46,1,0,0,0,1,3,0
20260831_083143_remove_model_headings_and_game_priors,4c1d5baa6f74,179de17880f4,sb26-7fbdac44,2,0,2,2.7777777777777777,1.0,8,gave_up,40,194,52,2,1,2.5,13,40,1,1,0,0,0,1,0
20260831_083143_remove_model_headings_and_game_priors,4c1d5baa6f74,179de17880f4,sb26-7fbdac44,3,0,3,2.7777777777777777,1.0,8,gave_up,34,163,48,2,3,8.824,23,34,1,0,0,0,0,2,0
20260831_083143_remove_model_headings_and_game_priors,4c1d5baa6f74,179de17880f4,sb26-7fbdac44,4,0,4,27.77777777777778,4.0,8,cancelled,23,122,30,5,2,8.696,9,23,2,0,0,0,0,2,0
20260831_083143_remove_model_headings_and_game_priors,4c1d5baa6f74,179de17880f4,sc25-635fd71a,0,0,0,2.7906452521837144,2.0,6,gave_up,55,180,61,3,0,0.0,8,35,0,0,0,0,0,0,0
20260831_083143_remove_model_headings_and_game_priors,4c1d5baa6f74,179de17880f4,sc25-635fd71a,1,0,1,22.800084530853763,3.0,6,gave_up,53,192,62,4,8,15.094,20,52,1,0,0,0,1,6,0
20260831_083143_remove_model_headings_and_game_priors,4c1d5baa6f74,179de17880f4,sc25-635fd71a,2,0,2,1.1269957215903164,1.0,6,gave_up,25,84,37,2,1,4.0,12,24,1,0,0,0,0,0,0
20260831_083143_remove_model_headings_and_game_priors,4c1d5baa6f74,179de17880f4,sc25-635fd71a,3,0,3,1.0684606252473288,1.0,6,gave_up,44,164,53,2,1,2.273,16,41,1,0,0,0,0,1,0
20260831_083143_remove_model_headings_and_game_priors,4c1d5baa6f74,179de17880f4,sc25-635fd71a,4,0,4,6.683718755629289,3.0,6,gave_up,50,213,62,4,0,0.0,3,8,0,0,0,0,0,0,0
20260831_083143_remove_model_headings_and_game_priors,4c1d5baa6f74,179de17880f4,sk48-d8078629,0,0,0,0.0,0.0,8,gave_up,27,92,36,1,3,11.111,9,26,1,1,0,0,0,2,0
20260831_083143_remove_model_headings_and_game_priors,4c1d5baa6f74,179de17880f4,sk48-d8078629,1,0,1,0.0,0.0,8,gave_up,36,168,43,1,3,8.333,11,34,0,0,0,0,0,3,0
20260831_083143_remove_model_headings_and_game_priors,4c1d5baa6f74,179de17880f4,sk48-d8078629,2,0,2,0.0,0.0,8,gave_up,24,107,35,1,8,33.333,7,23,0,1,0,0,0,7,0
20260831_083143_remove_model_headings_and_game_priors,4c1d5baa6f74,179de17880f4,sk48-d8078629,3,0,3,0.0,0.0,8,gave_up,33,209,41,1,1,3.03,8,31,1,0,0,0,0,0,0
20260831_083143_remove_model_headings_and_game_priors,4c1d5baa6f74,179de17880f4,sk48-d8078629,4,0,4,0.0,0.0,8,gave_up,20,30,36,1,0,0.0,11,20,0,0,0,0,0,0,0
20260831_083143_remove_model_headings_and_game_priors,4c1d5baa6f74,179de17880f4,sp80-589a99af,0,0,0,0.0,0.0,6,gave_up,57,457,59,1,0,0.0,12,38,0,0,0,0,0,0,0
20260831_083143_remove_model_headings_and_game_priors,4c1d5baa6f74,179de17880f4,sp80-589a99af,1,0,1,0.10714285714285714,1.0,6,gave_up,47,370,49,2,3,6.383,16,46,1,0,0,1,0,1,0
20260831_083143_remove_model_headings_and_game_priors,4c1d5baa6f74,179de17880f4,sp80-589a99af,2,0,2,1.2876190476190477,1.0,6,gave_up,39,237,44,2,2,5.128,17,38,0,0,1,0,0,1,0
20260831_083143_remove_model_headings_and_game_priors,4c1d5baa6f74,179de17880f4,sp80-589a99af,3,0,3,0.19853779070905794,1.0,6,gave_up,48,453,55,2,0,0.0,12,34,0,0,0,0,0,0,0
20260831_083143_remove_model_headings_and_game_priors,4c1d5baa6f74,179de17880f4,sp80-589a99af,4,0,4,4.761904761904762,1.0,6,gave_up,22,91,36,2,5,22.727,10,20,1,0,0,0,0,4,0
20260831_083143_remove_model_headings_and_game_priors,4c1d5baa6f74,179de17880f4,su15-1944f8ab,0,0,0,1.4753848498704463,1.0,9,gave_up,65,204,71,2,1,1.538,19,65,1,0,0,0,0,0,0
20260831_083143_remove_model_headings_and_game_priors,4c1d5baa6f74,179de17880f4,su15-1944f8ab,1,0,1,1.8672839506172838,1.0,9,gave_up,51,161,57,2,1,1.961,21,51,1,0,0,0,0,0,0
20260831_083143_remove_model_headings_and_game_priors,4c1d5baa6f74,179de17880f4,su15-1944f8ab,2,0,2,2.0331863053980257,1.0,9,gave_up,48,110,53,2,2,4.167,20,46,2,0,0,0,0,0,0
20260831_083143_remove_model_headings_and_game_priors,4c1d5baa6f74,179de17880f4,su15-1944f8ab,3,0,3,2.2222222222222223,1.0,9,gave_up,53,160,60,2,8,15.094,8,22,1,0,0,1,0,8,0
20260831_083143_remove_model_headings_and_game_priors,4c1d5baa6f74,179de17880f4,su15-1944f8ab,4,0,4,2.2222222222222223,1.0,9,cancelled,32,121,39,2,1,3.125,5,7,0,1,1,0,0,0,0
20260831_083143_remove_model_headings_and_game_priors,4c1d5baa6f74,179de17880f4,tn36-ef4dde99,0,0,0,3.571428571428571,1.0,7,gave_up,48,212,61,2,2,4.167,19,48,1,0,0,1,0,1,0
20260831_083143_remove_model_headings_and_game_priors,4c1d5baa6f74,179de17880f4,tn36-ef4dde99,1,0,1,3.571428571428571,1.0,7,gave_up,72,406,78,2,1,1.389,11,59,1,0,0,0,0,0,0
20260831_083143_remove_model_headings_and_game_priors,4c1d5baa6f74,179de17880f4,tn36-ef4dde99,2,0,2,0.0,0.0,7,gave_up,39,248,52,1,2,5.128,21,38,0,0,0,0,1,2,0
20260831_083143_remove_model_headings_and_game_priors,4c1d5baa6f74,179de17880f4,tn36-ef4dde99,3,0,3,2.671397265991861,1.0,7,gave_up,53,166,63,2,1,1.887,15,48,0,0,0,0,0,1,0
20260831_083143_remove_model_headings_and_game_priors,4c1d5baa6f74,179de17880f4,tn36-ef4dde99,4,0,4,0.0,0.0,7,gave_up,46,460,49,1,2,4.348,14,44,0,1,1,0,1,1,0
20260831_083143_remove_model_headings_and_game_priors,4c1d5baa6f74,179de17880f4,tr87-cd924810,0,0,0,1.5714932419323548,1.0,6,gave_up,18,148,45,2,0,0.0,1,6,0,0,0,0,0,0,0
20260831_083143_remove_model_headings_and_game_priors,4c1d5baa6f74,179de17880f4,tr87-cd924810,1,0,1,4.761904761904762,1.0,6,gave_up,21,107,42,2,3,14.286,7,19,0,0,0,0,1,2,0
20260831_083143_remove_model_headings_and_game_priors,4c1d5baa6f74,179de17880f4,tr87-cd924810,2,0,2,0.0,0.0,6,gave_up,12,49,37,1,0,0.0,1,1,0,0,0,0,0,0,0
20260831_083143_remove_model_headings_and_game_priors,4c1d5baa6f74,179de17880f4,tr87-cd924810,3,0,3,0.0,0.0,6,gave_up,31,192,43,1,1,3.226,10,30,1,0,0,0,0,0,0
20260831_083143_remove_model_headings_and_game_priors,4c1d5baa6f74,179de17880f4,tr87-cd924810,4,0,4,0.0,0.0,6,cancelled,15,84,34,1,1,6.667,8,15,0,0,0,0,0,1,0
20260831_083143_remove_model_headings_and_game_priors,4c1d5baa6f74,179de17880f4,tu93-0768757b,0,0,0,5.225288804872926,2.0,9,gave_up,18,111,34,3,1,5.556,5,17,1,0,0,0,0,0,0
20260831_083143_remove_model_headings_and_game_priors,4c1d5baa6f74,179de17880f4,tu93-0768757b,1,0,1,3.1785644870192984,2.0,9,gave_up,18,110,34,3,1,5.556,9,16,1,0,0,0,0,0,0
20260831_083143_remove_model_headings_and_game_priors,4c1d5baa6f74,179de17880f4,tu93-0768757b,2,0,2,2.2706618655692727,2.0,9,gave_up,20,74,34,3,1,5.0,13,20,1,0,0,0,0,1,0
20260831_083143_remove_model_headings_and_game_priors,4c1d5baa6f74,179de17880f4,tu93-0768757b,3,0,3,6.666666666666667,2.0,9,gave_up,9,39,24,3,3,33.333,6,8,2,0,0,0,0,1,0
20260831_083143_remove_model_headings_and_game_priors,4c1d5baa6f74,179de17880f4,tu93-0768757b,4,0,4,8.928197255812972,3.0,9,gave_up,32,116,43,4,2,6.25,8,32,1,0,0,0,0,1,0
20260831_083143_remove_model_headings_and_game_priors,4c1d5baa6f74,179de17880f4,vc33-5430563c,0,0,0,21.428571428571427,3.0,7,gave_up,35,106,43,4,0,0.0,1,2,0,0,0,0,0,0,0
20260831_083143_remove_model_headings_and_game_priors,4c1d5baa6f74,179de17880f4,vc33-5430563c,1,0,1,10.714285714285714,2.0,7,gave_up,19,39,32,3,3,15.789,11,17,0,0,0,0,2,2,0
20260831_083143_remove_model_headings_and_game_priors,4c1d5baa6f74,179de17880f4,vc33-5430563c,2,0,2,4.167172821509557,2.0,7,gave_up,17,53,26,3,5,29.412,8,17,0,1,0,0,1,4,0
20260831_083143_remove_model_headings_and_game_priors,4c1d5baa6f74,179de17880f4,vc33-5430563c,3,0,3,21.428571428571427,3.0,7,gave_up,34,93,43,4,0,0.0,10,33,0,0,0,0,0,0,0
20260831_083143_remove_model_headings_and_game_priors,4c1d5baa6f74,179de17880f4,vc33-5430563c,4,0,4,21.18855280207321,3.0,7,gave_up,33,93,37,4,1,3.03,4,22,1,0,0,0,0,0,0
20260831_083143_remove_model_headings_and_game_priors,4c1d5baa6f74,179de17880f4,wa30-ee6fef47,0,0,0,2.2222222222222223,1.0,9,gave_up,34,135,39,2,6,17.647,16,34,3,0,0,0,0,5,0
20260831_083143_remove_model_headings_and_game_priors,4c1d5baa6f74,179de17880f4,wa30-ee6fef47,1,0,1,0.0,0.0,9,gave_up,38,197,44,1,4,10.526,12,37,1,0,1,1,0,3,0
20260831_083143_remove_model_headings_and_game_priors,4c1d5baa6f74,179de17880f4,wa30-ee6fef47,2,0,2,0.0,0.0,9,gave_up,27,57,36,1,8,29.63,11,26,1,0,0,0,0,7,0
20260831_083143_remove_model_headings_and_game_priors,4c1d5baa6f74,179de17880f4,wa30-ee6fef47,3,0,3,0.0,0.0,9,gave_up,42,201,50,1,2,4.762,12,42,1,0,0,0,0,1,0
20260831_083143_remove_model_headings_and_game_priors,4c1d5baa6f74,179de17880f4,wa30-ee6fef47,4,0,4,2.2222222222222223,1.0,9,gave_up,54,139,59,2,4,7.407,10,53,2,0,0,0,0,3,0
20260831_083143_remove_model_headings_and_game_priors,4c1d5baa6f74,179de17880f4,ar25-0c556536,5,5,0,25.25111111111111,4.0,8,gave_up,27,173,47,5,3,11.111,10,27,2,1,1,0,0,0,0
20260831_083143_remove_model_headings_and_game_priors,4c1d5baa6f74,179de17880f4,ar25-0c556536,6,5,1,8.333333333333332,2.0,8,gave_up,33,160,44,3,1,3.03,21,33,0,0,0,0,0,1,0
20260831_083143_remove_model_headings_and_game_priors,4c1d5baa6f74,179de17880f4,ar25-0c556536,7,5,2,8.333333333333332,2.0,8,gave_up,37,225,52,3,1,2.703,13,37,1,0,0,0,0,0,0
20260831_083143_remove_model_headings_and_game_priors,4c1d5baa6f74,179de17880f4,ar25-0c556536,8,5,3,27.77777777777778,4.0,8,gave_up,33,157,48,5,0,0.0,10,33,0,0,0,0,0,0,0
20260831_083143_remove_model_headings_and_game_priors,4c1d5baa6f74,179de17880f4,ar25-0c556536,9,5,4,41.66666666666667,5.0,8,gave_up,23,149,40,6,4,17.391,13,20,1,0,0,0,0,3,0
20260831_083143_remove_model_headings_and_game_priors,4c1d5baa6f74,179de17880f4,bp35-0a0ad940,5,5,0,0.2722222222222222,1.0,9,gave_up,34,130,45,2,1,2.941,12,33,0,0,0,0,0,1,0
20260831_083143_remove_model_headings_and_game_priors,4c1d5baa6f74,179de17880f4,bp35-0a0ad940,6,5,1,0.6125,1.0,9,gave_up,30,56,54,2,3,10.0,7,30,0,0,0,0,0,3,0
20260831_083143_remove_model_headings_and_game_priors,4c1d5baa6f74,179de17880f4,bp35-0a0ad940,7,5,2,0.0,0.0,9,gave_up,18,24,37,1,1,5.556,6,18,0,0,0,0,0,1,0
20260831_083143_remove_model_headings_and_game_priors,4c1d5baa6f74,179de17880f4,bp35-0a0ad940,8,5,3,0.4839506172839506,1.0,9,gave_up,31,75,43,2,2,6.452,14,29,0,0,0,0,1,2,0
20260831_083143_remove_model_headings_and_game_priors,4c1d5baa6f74,179de17880f4,bp35-0a0ad940,9,5,4,0.5300162249864792,1.0,9,gave_up,51,132,64,2,2,3.922,15,50,1,0,0,0,0,1,0
20260831_083143_remove_model_headings_and_game_priors,4c1d5baa6f74,179de17880f4,cd82-fb555c5d,5,5,0,11.571428571428573,2.0,6,gave_up,34,69,50,3,2,5.882,14,34,1,0,0,0,0,2,0
20260831_083143_remove_model_headings_and_game_priors,4c1d5baa6f74,179de17880f4,cd82-fb555c5d,6,5,1,4.368777633524328,2.0,6,gave_up,42,200,47,3,1,2.381,16,41,0,0,0,0,0,1,0
20260831_083143_remove_model_headings_and_game_priors,4c1d5baa6f74,179de17880f4,cd82-fb555c5d,7,5,2,6.6322246197191665,2.0,6,gave_up,37,200,48,3,1,2.703,13,36,0,0,0,0,0,1,0
20260831_083143_remove_model_headings_and_game_priors,4c1d5baa6f74,179de17880f4,cd82-fb555c5d,8,5,3,4.761904761904762,1.0,6,gave_up,46,132,54,2,7,15.217,12,45,0,0,1,2,0,4,0
20260831_083143_remove_model_headings_and_game_priors,4c1d5baa6f74,179de17880f4,cd82-fb555c5d,9,5,4,4.761904761904762,1.0,6,gave_up,27,95,36,2,0,0.0,11,26,0,0,0,0,0,0,0
20260831_083143_remove_model_headings_and_game_priors,4c1d5baa6f74,179de17880f4,cn04-2fe56bfb,5,5,0,2.6329795560564797,1.0,6,gave_up,26,82,40,2,0,0.0,12,25,0,0,0,0,0,0,0
20260831_083143_remove_model_headings_and_game_priors,4c1d5baa6f74,179de17880f4,cn04-2fe56bfb,6,5,1,12.458585299597676,2.0,6,gave_up,30,97,44,3,2,6.667,10,29,1,0,0,0,0,1,0
20260831_083143_remove_model_headings_and_game_priors,4c1d5baa6f74,179de17880f4,cn04-2fe56bfb,7,5,2,4.761904761904762,1.0,6,gave_up,19,70,37,2,4,21.053,12,19,1,0,0,0,1,3,0
20260831_083143_remove_model_headings_and_game_priors,4c1d5baa6f74,179de17880f4,cn04-2fe56bfb,8,5,3,0.4944150499706056,1.0,6,gave_up,35,90,44,2,0,0.0,14,35,0,0,0,0,0,0,0
20260831_083143_remove_model_headings_and_game_priors,4c1d5baa6f74,179de17880f4,cn04-2fe56bfb,9,5,4,4.761904761904762,1.0,6,gave_up,30,216,42,2,0,0.0,11,30,0,0,0,0,0,0,0
20260831_083143_remove_model_headings_and_game_priors,4c1d5baa6f74,179de17880f4,dc22-fdcac232,5,5,0,1.2981588594400877,1.0,6,gave_up,50,183,56,2,1,2.0,17,49,1,0,0,0,0,1,0
20260831_083143_remove_model_headings_and_game_priors,4c1d5baa6f74,179de17880f4,dc22-fdcac232,6,5,1,0.0,0.0,6,gave_up,43,519,59,1,1,2.326,12,31,0,0,0,0,0,1,0
20260831_083143_remove_model_headings_and_game_priors,4c1d5baa6f74,179de17880f4,dc22-fdcac232,7,5,2,4.761904761904762,1.0,6,gave_up,42,102,54,2,0,0.0,12,41,0,0,0,0,0,0,0
20260831_083143_remove_model_headings_and_game_priors,4c1d5baa6f74,179de17880f4,dc22-fdcac232,8,5,3,6.796124103816412,2.0,6,gave_up,44,238,52,3,3,6.818,16,43,1,0,0,0,0,2,0
20260831_083143_remove_model_headings_and_game_priors,4c1d5baa6f74,179de17880f4,dc22-fdcac232,9,5,4,10.604585191045519,2.0,6,gave_up,43,200,55,3,2,4.651,16,42,0,0,0,0,0,2,0
20260831_083143_remove_model_headings_and_game_priors,4c1d5baa6f74,179de17880f4,ft09-0d8bbf25,5,5,0,21.45498475483267,3.0,6,gave_up,27,155,42,4,2,7.407,14,27,1,1,1,0,0,1,0
20260831_083143_remove_model_headings_and_game_priors,4c1d5baa6f74,179de17880f4,ft09-0d8bbf25,6,5,1,47.61904761904761,4.0,6,gave_up,26,131,43,5,0,0.0,8,25,0,0,0,0,0,0,0
20260831_083143_remove_model_headings_and_game_priors,4c1d5baa6f74,179de17880f4,ft09-0d8bbf25,7,5,2,45.13512717005652,4.0,6,gave_up,38,191,47,5,0,0.0,16,37,0,0,0,0,0,0,0
20260831_083143_remove_model_headings_and_game_priors,4c1d5baa6f74,179de17880f4,ft09-0d8bbf25,8,5,3,28.57142857142857,3.0,6,gave_up,19,58,40,4,1,5.263,11,19,1,0,0,0,1,1,0
20260831_083143_remove_model_headings_and_game_priors,4c1d5baa6f74,179de17880f4,ft09-0d8bbf25,9,5,4,13.591152437306283,2.0,6,gave_up,33,115,40,3,0,0.0,9,33,0,0,0,0,0,0,0
20260831_083143_remove_model_headings_and_game_priors,4c1d5baa6f74,179de17880f4,g50t-5849a774,5,5,0,0.0,0.0,7,gave_up,17,110,32,1,0,0.0,8,17,0,0,0,0,0,0,0
20260831_083143_remove_model_headings_and_game_priors,4c1d5baa6f74,179de17880f4,g50t-5849a774,6,5,1,0.0,0.0,7,gave_up,25,131,42,1,1,4.0,12,24,1,0,0,0,1,0,0
20260831_083143_remove_model_headings_and_game_priors,4c1d5baa6f74,179de17880f4,g50t-5849a774,7,5,2,0.0,0.0,7,gave_up,19,73,36,1,2,10.526,8,18,0,0,0,0,0,2,0
20260831_083143_remove_model_headings_and_game_priors,4c1d5baa6f74,179de17880f4,g50t-5849a774,8,5,3,0.0,0.0,7,gave_up,14,131,32,1,1,7.143,7,14,1,0,0,0,0,0,0
20260831_083143_remove_model_headings_and_game_priors,4c1d5baa6f74,179de17880f4,g50t-5849a774,9,5,4,0.0,0.0,7,gave_up,18,132,38,1,0,0.0,9,18,0,0,0,0,0,0,0
20260831_083143_remove_model_headings_and_game_priors,4c1d5baa6f74,179de17880f4,ka59-38d34dbb,5,5,0,2.5711662075298443,1.0,7,gave_up,35,84,43,2,2,5.714,12,35,0,0,0,1,0,2,0
20260831_083143_remove_model_headings_and_game_priors,4c1d5baa6f74,179de17880f4,ka59-38d34dbb,6,5,1,0.0,0.0,7,gave_up,60,189,64,1,6,10.0,26,59,3,0,0,0,1,3,0
20260831_083143_remove_model_headings_and_game_priors,4c1d5baa6f74,179de17880f4,ka59-38d34dbb,7,5,2,13.080466165768673,3.0,7,gave_up,43,174,53,4,1,2.326,14,42,0,0,0,0,1,0,0
20260831_083143_remove_model_headings_and_game_priors,4c1d5baa6f74,179de17880f4,ka59-38d34dbb,8,5,3,3.571428571428571,1.0,7,gave_up,28,85,41,2,1,3.571,13,28,0,0,0,0,0,1,0
20260831_083143_remove_model_headings_and_game_priors,4c1d5baa6f74,179de17880f4,ka59-38d34dbb,9,5,4,0.7284079084287199,1.0,7,gave_up,34,94,42,2,1,2.941,8,34,0,0,1,0,0,0,0
20260831_083143_remove_model_headings_and_game_priors,4c1d5baa6f74,179de17880f4,lf52-271a04aa,5,5,0,1.8181818181818181,1.0,10,gave_up,56,287,67,2,0,0.0,16,52,0,0,0,0,0,0,0
20260831_083143_remove_model_headings_and_game_priors,4c1d5baa6f74,179de17880f4,lf52-271a04aa,6,5,1,1.8181818181818181,1.0,10,gave_up,101,322,105,2,0,0.0,23,91,0,0,0,0,0,0,0
20260831_083143_remove_model_headings_and_game_priors,4c1d5baa6f74,179de17880f4,lf52-271a04aa,7,5,2,1.8181818181818181,1.0,10,gave_up,57,170,71,2,0,0.0,18,56,0,0,0,0,0,0,0
20260831_083143_remove_model_headings_and_game_priors,4c1d5baa6f74,179de17880f4,lf52-271a04aa,8,5,3,1.8181818181818181,1.0,10,gave_up,46,157,57,2,1,2.174,12,46,1,0,0,0,0,0,0
20260831_083143_remove_model_headings_and_game_priors,4c1d5baa6f74,179de17880f4,lf52-271a04aa,9,5,4,1.8181818181818181,1.0,10,gave_up,53,160,62,2,2,3.774,20,53,0,1,0,0,0,2,0
20260831_083143_remove_model_headings_and_game_priors,4c1d5baa6f74,179de17880f4,lp85-305b61c3,5,5,0,2.7777777777777777,1.0,8,gave_up,36,85,44,2,1,2.778,7,13,0,0,0,0,1,1,0
20260831_083143_remove_model_headings_and_game_priors,4c1d5baa6f74,179de17880f4,lp85-305b61c3,6,5,1,11.367323828618105,3.0,8,gave_up,21,110,33,4,0,0.0,1,9,0,0,0,0,0,0,0
20260831_083143_remove_model_headings_and_game_priors,4c1d5baa6f74,179de17880f4,lp85-305b61c3,7,5,2,41.66666666666667,5.0,8,gave_up,23,73,32,6,4,17.391,13,22,0,0,0,0,2,3,0
20260831_083143_remove_model_headings_and_game_priors,4c1d5baa6f74,179de17880f4,lp85-305b61c3,8,5,3,8.333333333333332,2.0,8,gave_up,15,70,35,3,3,20.0,8,15,1,0,0,1,0,1,0
20260831_083143_remove_model_headings_and_game_priors,4c1d5baa6f74,179de17880f4,lp85-305b61c3,9,5,4,20.71871537801801,4.0,8,gave_up,26,96,38,5,5,19.231,11,26,0,1,1,1,1,4,0
20260831_083143_remove_model_headings_and_game_priors,4c1d5baa6f74,179de17880f4,ls20-9607627b,5,5,0,0.13780065597667637,1.0,7,gave_up,26,179,41,2,0,0.0,8,22,0,0,0,0,0,0,0
20260831_083143_remove_model_headings_and_game_priors,4c1d5baa6f74,179de17880f4,ls20-9607627b,6,5,1,1.2626526140039656,1.0,7,gave_up,38,204,52,2,0,0.0,10,38,0,0,0,0,0,0,0
20260831_083143_remove_model_headings_and_game_priors,4c1d5baa6f74,179de17880f4,ls20-9607627b,7,5,2,3.571428571428571,1.0,7,gave_up,28,166,49,2,0,0.0,7,27,0,0,0,0,0,0,0
20260831_083143_remove_model_headings_and_game_priors,4c1d5baa6f74,179de17880f4,ls20-9607627b,8,5,3,1.1970716264345074,1.0,7,gave_up,14,141,41,2,1,7.143,5,14,1,0,0,0,0,1,0
20260831_083143_remove_model_headings_and_game_priors,4c1d5baa6f74,179de17880f4,ls20-9607627b,9,5,4,3.571428571428571,1.0,7,gave_up,43,278,58,2,2,4.651,12,41,2,0,0,0,0,0,0
20260831_083143_remove_model_headings_and_game_priors,4c1d5baa6f74,179de17880f4,m0r0-492f87ba,5,5,0,0.42857142857142855,1.0,6,gave_up,46,333,57,2,1,2.174,14,46,0,1,0,0,0,0,0
20260831_083143_remove_model_headings_and_game_priors,4c1d5baa6f74,179de17880f4,m0r0-492f87ba,6,5,1,11.559766763848396,2.0,6,gave_up,40,158,53,3,1,2.5,14,39,0,0,0,0,1,1,0
20260831_083143_remove_model_headings_and_game_priors,4c1d5baa6f74,179de17880f4,m0r0-492f87ba,7,5,2,0.0,0.0,6,gave_up,31,100,49,1,0,0.0,9,31,0,0,0,0,0,0,0
20260831_083143_remove_model_headings_and_game_priors,4c1d5baa6f74,179de17880f4,m0r0-492f87ba,8,5,3,2.2136953955135774,1.0,6,gave_up,30,176,44,2,0,0.0,6,25,0,0,0,0,0,0,0
20260831_083143_remove_model_headings_and_game_priors,4c1d5baa6f74,179de17880f4,m0r0-492f87ba,9,5,4,4.761904761904762,1.0,6,gave_up,27,135,45,2,0,0.0,13,26,0,0,0,0,0,0,0
20260831_083143_remove_model_headings_and_game_priors,4c1d5baa6f74,179de17880f4,r11l-495a7899,5,5,0,14.285714285714285,2.0,6,gave_up,23,62,38,3,0,0.0,2,3,0,0,0,0,0,0,0
20260831_083143_remove_model_headings_and_game_priors,4c1d5baa6f74,179de17880f4,r11l-495a7899,6,5,1,4.761904761904762,1.0,6,gave_up,28,44,42,2,3,10.714,13,28,0,1,0,0,0,3,0
20260831_083143_remove_model_headings_and_game_priors,4c1d5baa6f74,179de17880f4,r11l-495a7899,7,5,2,14.285714285714285,2.0,6,gave_up,18,60,28,3,5,27.778,10,17,2,0,0,0,1,3,0
20260831_083143_remove_model_headings_and_game_priors,4c1d5baa6f74,179de17880f4,r11l-495a7899,8,5,3,4.761904761904762,1.0,6,gave_up,26,73,41,2,3,11.538,10,25,0,0,0,0,0,3,0
20260831_083143_remove_model_headings_and_game_priors,4c1d5baa6f74,179de17880f4,r11l-495a7899,9,5,4,1.4404761904761907,1.0,6,gave_up,68,134,70,2,2,2.941,14,68,2,0,0,0,0,1,0
20260831_083143_remove_model_headings_and_game_priors,4c1d5baa6f74,179de17880f4,re86-8af5384d,5,5,0,16.666666666666664,3.0,8,gave_up,41,452,50,4,2,4.878,15,40,0,0,0,0,0,2,0
20260831_083143_remove_model_headings_and_game_priors,4c1d5baa6f74,179de17880f4,re86-8af5384d,6,5,1,4.40432098765432,2.0,8,gave_up,19,170,33,3,5,26.316,7,19,0,0,0,0,1,4,0
20260831_083143_remove_model_headings_and_game_priors,4c1d5baa6f74,179de17880f4,re86-8af5384d,7,5,2,16.02504403965443,3.0,8,gave_up,47,411,55,4,1,2.128,21,46,0,0,0,0,1,0,0
20260831_083143_remove_model_headings_and_game_priors,4c1d5baa6f74,179de17880f4,re86-8af5384d,8,5,3,16.666666666666664,3.0,8,gave_up,26,264,49,4,3,11.538,9,20,0,0,1,0,0,2,0
20260831_083143_remove_model_headings_and_game_priors,4c1d5baa6f74,179de17880f4,re86-8af5384d,9,5,4,0.5779556102732464,1.0,8,cancelled,29,226,38,2,1,3.448,13,28,1,0,0,0,0,0,0
20260831_083143_remove_model_headings_and_game_priors,4c1d5baa6f74,179de17880f4,s5i5-18d95033,5,5,0,1.2345679012345678,1.0,8,gave_up,16,48,29,2,0,0.0,7,16,0,0,0,0,0,0,0
20260831_083143_remove_model_headings_and_game_priors,4c1d5baa6f74,179de17880f4,s5i5-18d95033,6,5,1,0.2712673611111111,1.0,8,gave_up,33,87,42,2,1,3.03,14,33,0,0,0,0,0,1,0
20260831_083143_remove_model_headings_and_game_priors,4c1d5baa6f74,179de17880f4,s5i5-18d95033,7,5,2,2.7777777777777777,1.0,8,gave_up,24,44,33,2,1,4.167,16,24,0,0,0,0,0,1,0
20260831_083143_remove_model_headings_and_game_priors,4c1d5baa6f74,179de17880f4,s5i5-18d95033,8,5,3,2.7777777777777777,1.0,8,gave_up,20,38,30,2,0,0.0,8,20,0,0,0,0,0,0,0
20260831_083143_remove_model_headings_and_game_priors,4c1d5baa6f74,179de17880f4,s5i5-18d95033,9,5,4,6.66015625,2.0,8,cancelled,35,141,37,3,0,0.0,14,34,0,0,0,0,0,0,0
20260831_083143_remove_model_headings_and_game_priors,4c1d5baa6f74,179de17880f4,sb26-7fbdac44,5,5,0,2.7777777777777777,1.0,8,gave_up,40,270,51,2,2,5.0,18,40,1,0,0,0,0,1,0
20260831_083143_remove_model_headings_and_game_priors,4c1d5baa6f74,179de17880f4,sb26-7fbdac44,6,5,1,10.725768825825597,3.0,8,gave_up,47,317,58,4,5,10.638,19,47,2,2,1,1,1,1,0
20260831_083143_remove_model_headings_and_game_priors,4c1d5baa6f74,179de17880f4,sb26-7fbdac44,7,5,2,2.7777777777777777,1.0,8,gave_up,53,378,60,2,0,0.0,20,49,0,0,0,0,0,0,0
20260831_083143_remove_model_headings_and_game_priors,4c1d5baa6f74,179de17880f4,sb26-7fbdac44,8,5,3,50.162417120160136,6.0,8,gave_up,32,224,44,7,1,3.125,12,32,1,0,0,0,0,0,0
20260831_083143_remove_model_headings_and_game_priors,4c1d5baa6f74,179de17880f4,sb26-7fbdac44,9,5,4,58.333333333333336,6.0,8,cancelled,40,217,49,7,1,2.5,19,40,1,0,0,0,0,0,0
20260831_083143_remove_model_headings_and_game_priors,4c1d5baa6f74,179de17880f4,sc25-635fd71a,5,5,0,17.143939976107806,3.0,6,gave_up,62,274,69,4,4,6.452,17,62,0,1,1,0,0,3,0
20260831_083143_remove_model_headings_and_game_priors,4c1d5baa6f74,179de17880f4,sc25-635fd71a,6,5,1,6.1094431302559675,3.0,6,gave_up,56,243,61,4,2,3.571,17,54,1,0,0,0,0,2,0
20260831_083143_remove_model_headings_and_game_priors,4c1d5baa6f74,179de17880f4,sc25-635fd71a,7,5,2,0.0,0.0,6,gave_up,46,129,57,1,1,2.174,18,46,0,0,0,1,0,0,0
20260831_083143_remove_model_headings_and_game_priors,4c1d5baa6f74,179de17880f4,sc25-635fd71a,8,5,3,1.0496384577556397,2.0,6,gave_up,56,201,65,3,0,0.0,17,55,0,0,0,0,0,0,0
20260831_083143_remove_model_headings_and_game_priors,4c1d5baa6f74,179de17880f4,sc25-635fd71a,9,5,4,0.0,0.0,6,gave_up,36,79,49,1,0,0.0,10,33,0,0,0,0,0,0,0
20260831_083143_remove_model_headings_and_game_priors,4c1d5baa6f74,179de17880f4,sk48-d8078629,5,5,0,0.0,0.0,8,gave_up,21,100,29,1,0,0.0,1,1,0,0,0,0,0,0,0
20260831_083143_remove_model_headings_and_game_priors,4c1d5baa6f74,179de17880f4,sk48-d8078629,6,5,1,0.0,0.0,8,gave_up,41,120,49,1,0,0.0,9,39,0,0,0,0,0,0,0
20260831_083143_remove_model_headings_and_game_priors,4c1d5baa6f74,179de17880f4,sk48-d8078629,7,5,2,0.0,0.0,8,gave_up,35,221,45,1,0,0.0,10,34,0,0,0,0,0,0,0
20260831_083143_remove_model_headings_and_game_priors,4c1d5baa6f74,179de17880f4,sk48-d8078629,8,5,3,0.0,0.0,8,gave_up,22,69,33,1,1,4.545,6,22,1,0,0,0,0,0,0
20260831_083143_remove_model_headings_and_game_priors,4c1d5baa6f74,179de17880f4,sk48-d8078629,9,5,4,0.0,0.0,8,gave_up,38,125,48,1,2,5.263,9,36,0,0,0,0,1,2,0
20260831_083143_remove_model_headings_and_game_priors,4c1d5baa6f74,179de17880f4,sp80-589a99af,5,5,0,4.761904761904762,1.0,6,gave_up,24,90,31,2,4,16.667,8,23,0,0,0,0,1,4,0
20260831_083143_remove_model_headings_and_game_priors,4c1d5baa6f74,179de17880f4,sp80-589a99af,6,5,1,0.13004268067468297,1.0,6,gave_up,43,342,49,2,2,4.651,20,36,0,0,0,0,1,1,0
20260831_083143_remove_model_headings_and_game_priors,4c1d5baa6f74,179de17880f4,sp80-589a99af,7,5,2,4.308659811336789,1.0,6,gave_up,23,96,31,2,1,4.348,14,23,0,0,0,0,1,0,0
20260831_083143_remove_model_headings_and_game_priors,4c1d5baa6f74,179de17880f4,sp80-589a99af,8,5,3,0.0,0.0,6,gave_up,42,404,48,1,7,16.667,21,42,2,0,1,2,2,2,0
20260831_083143_remove_model_headings_and_game_priors,4c1d5baa6f74,179de17880f4,sp80-589a99af,9,5,4,4.761904761904762,1.0,6,gave_up,31,260,36,2,1,3.226,10,30,0,0,0,0,0,1,0
20260831_083143_remove_model_headings_and_game_priors,4c1d5baa6f74,179de17880f4,su15-1944f8ab,5,5,0,1.8672839506172838,1.0,9,gave_up,43,78,52,2,1,2.326,16,42,1,1,0,0,0,1,0
20260831_083143_remove_model_headings_and_game_priors,4c1d5baa6f74,179de17880f4,su15-1944f8ab,6,5,1,13.025366627031314,3.0,9,gave_up,51,115,58,4,4,7.843,21,50,1,1,0,0,0,3,0
20260831_083143_remove_model_headings_and_game_priors,4c1d5baa6f74,179de17880f4,su15-1944f8ab,7,5,2,2.2222222222222223,1.0,9,gave_up,29,47,42,2,1,3.448,15,29,0,0,0,0,0,1,0
20260831_083143_remove_model_headings_and_game_priors,4c1d5baa6f74,179de17880f4,su15-1944f8ab,8,5,3,1.8672839506172838,1.0,9,gave_up,38,84,50,2,2,5.263,11,37,1,0,0,0,0,1,0
20260831_083143_remove_model_headings_and_game_priors,4c1d5baa6f74,179de17880f4,su15-1944f8ab,9,5,4,2.0331863053980257,1.0,9,cancelled,37,130,43,2,0,0.0,16,36,0,0,0,0,0,0,0
20260831_083143_remove_model_headings_and_game_priors,4c1d5baa6f74,179de17880f4,tn36-ef4dde99,5,5,0,3.571428571428571,1.0,7,gave_up,57,206,69,2,0,0.0,17,56,0,0,0,0,0,0,0
20260831_083143_remove_model_headings_and_game_priors,4c1d5baa6f74,179de17880f4,tn36-ef4dde99,6,5,1,10.714285714285714,2.0,7,gave_up,29,120,45,3,0,0.0,14,28,0,0,0,0,0,0,0
20260831_083143_remove_model_headings_and_game_priors,4c1d5baa6f74,179de17880f4,tn36-ef4dde99,7,5,2,10.714285714285714,2.0,7,gave_up,40,157,61,3,1,2.5,14,39,0,0,0,0,0,1,0
20260831_083143_remove_model_headings_and_game_priors,4c1d5baa6f74,179de17880f4,tn36-ef4dde99,8,5,3,10.714285714285714,2.0,7,gave_up,50,243,58,3,3,6.0,7,26,2,0,0,0,0,1,0
20260831_083143_remove_model_headings_and_game_priors,4c1d5baa6f74,179de17880f4,tn36-ef4dde99,9,5,4,6.594953353553192,2.0,7,gave_up,38,253,49,3,3,7.895,18,37,1,1,0,0,0,2,0
20260831_083143_remove_model_headings_and_game_priors,4c1d5baa6f74,179de17880f4,tr87-cd924810,5,5,0,3.286559594251902,1.0,6,gave_up,16,143,47,2,0,0.0,3,13,0,0,0,0,0,0,0
20260831_083143_remove_model_headings_and_game_priors,4c1d5baa6f74,179de17880f4,tr87-cd924810,6,5,1,0.3577962401946529,1.0,6,gave_up,20,266,37,2,2,10.0,10,19,2,0,0,0,0,1,0
20260831_083143_remove_model_headings_and_game_priors,4c1d5baa6f74,179de17880f4,tr87-cd924810,7,5,2,0.0,0.0,6,gave_up,9,63,37,1,0,0.0,1,1,0,0,0,0,0,0,0
20260831_083143_remove_model_headings_and_game_priors,4c1d5baa6f74,179de17880f4,tr87-cd924810,8,5,3,0.5633378346267307,1.0,6,gave_up,12,159,32,2,1,8.333,6,12,1,0,0,0,1,1,0
20260831_083143_remove_model_headings_and_game_priors,4c1d5baa6f74,179de17880f4,tr87-cd924810,9,5,4,1.8345507049430951,1.0,6,cancelled,23,110,40,2,1,4.348,1,1,0,0,0,0,0,1,0
20260831_083143_remove_model_headings_and_game_priors,4c1d5baa6f74,179de17880f4,tu93-0768757b,5,5,0,21.853709898255815,4.0,9,gave_up,18,170,32,5,2,11.111,10,17,1,0,0,0,0,1,0
20260831_083143_remove_model_headings_and_game_priors,4c1d5baa6f74,179de17880f4,tu93-0768757b,6,5,1,9.515154548709472,3.0,9,gave_up,20,112,31,4,4,20.0,9,19,1,0,0,3,1,1,0
20260831_083143_remove_model_headings_and_game_priors,4c1d5baa6f74,179de17880f4,tu93-0768757b,7,5,2,12.86981141395833,3.0,9,gave_up,14,75,32,4,0,0.0,4,11,0,0,0,0,0,0,0
20260831_083143_remove_model_headings_and_game_priors,4c1d5baa6f74,179de17880f4,tu93-0768757b,8,5,3,20.997619984632973,4.0,9,gave_up,19,127,30,5,0,0.0,7,18,0,0,0,0,0,0,0
20260831_083143_remove_model_headings_and_game_priors,4c1d5baa6f74,179de17880f4,tu93-0768757b,9,5,4,4.7327876759270575,3.0,9,gave_up,22,116,35,4,1,4.545,7,22,1,0,0,0,0,1,0
20260831_083143_remove_model_headings_and_game_priors,4c1d5baa6f74,179de17880f4,vc33-5430563c,5,5,0,29.40712123711955,4.0,7,gave_up,50,207,55,5,1,2.0,19,46,0,1,0,0,0,0,0
20260831_083143_remove_model_headings_and_game_priors,4c1d5baa6f74,179de17880f4,vc33-5430563c,6,5,1,21.428571428571427,3.0,7,gave_up,33,63,42,4,5,15.152,12,33,1,0,0,3,0,5,0
20260831_083143_remove_model_headings_and_game_priors,4c1d5baa6f74,179de17880f4,vc33-5430563c,7,5,2,15.181896865889213,3.0,7,gave_up,27,99,38,4,3,11.111,11,27,1,1,0,0,0,2,0
20260831_083143_remove_model_headings_and_game_priors,4c1d5baa6f74,179de17880f4,vc33-5430563c,8,5,3,21.428571428571427,3.0,7,gave_up,23,60,32,4,1,4.348,11,23,0,0,0,0,0,1,0
20260831_083143_remove_model_headings_and_game_priors,4c1d5baa6f74,179de17880f4,vc33-5430563c,9,5,4,21.428571428571427,3.0,7,gave_up,27,78,40,4,1,3.704,11,26,0,0,0,0,0,1,0
20260831_083143_remove_model_headings_and_game_priors,4c1d5baa6f74,179de17880f4,wa30-ee6fef47,5,5,0,1.5504805843906189,1.0,9,gave_up,54,206,59,2,2,3.704,19,52,1,0,0,0,0,1,0
20260831_083143_remove_model_headings_and_game_priors,4c1d5baa6f74,179de17880f4,wa30-ee6fef47,6,5,1,0.0,0.0,9,gave_up,39,159,47,1,1,2.564,15,38,0,0,0,0,0,1,0
20260831_083143_remove_model_headings_and_game_priors,4c1d5baa6f74,179de17880f4,wa30-ee6fef47,7,5,2,0.0,0.0,9,gave_up,25,114,37,1,4,16.0,9,25,1,0,0,1,1,3,0
20260831_083143_remove_model_headings_and_game_priors,4c1d5baa6f74,179de17880f4,wa30-ee6fef47,8,5,3,0.0,0.0,9,gave_up,47,171,53,1,8,17.021,19,46,2,0,0,0,0,7,0
20260831_083143_remove_model_headings_and_game_priors,4c1d5baa6f74,179de17880f4,wa30-ee6fef47,9,5,4,1.8412594053619695,1.0,9,gave_up,46,220,54,2,3,6.522,25,40,0,1,0,0,0,2,0
20260831_094025_improve-game-prior-prompts-from-lp85-vc33-sc25,59712856217e,2a659e0a594c,ar25-0c556536,0,0,0,7.6232993197278915,2.0,8,gave_up,48,321,57,3,3,6.25,14,47,1,0,0,0,0,2,0
20260831_094025_improve-game-prior-prompts-from-lp85-vc33-sc25,59712856217e,2a659e0a594c,ar25-0c556536,1,0,1,27.77777777777778,4.0,8,gave_up,35,186,47,5,4,11.429,14,35,0,0,0,1,1,2,0
20260831_094025_improve-game-prior-prompts-from-lp85-vc33-sc25,59712856217e,2a659e0a594c,ar25-0c556536,2,0,2,1.051939513477975,1.0,8,gave_up,47,266,54,2,0,0.0,19,47,0,0,0,0,0,0,0
20260831_094025_improve-game-prior-prompts-from-lp85-vc33-sc25,59712856217e,2a659e0a594c,ar25-0c556536,3,0,3,27.77777777777778,4.0,8,gave_up,19,224,42,5,1,5.263,9,18,0,0,0,0,0,1,0
20260831_094025_improve-game-prior-prompts-from-lp85-vc33-sc25,59712856217e,2a659e0a594c,ar25-0c556536,4,0,4,22.825196112735732,4.0,8,gave_up,33,189,45,5,2,6.061,8,25,1,0,0,0,0,1,0
20260831_094025_improve-game-prior-prompts-from-lp85-vc33-sc25,59712856217e,2a659e0a594c,bp35-0a0ad940,0,0,0,0.7158509861212563,1.0,9,gave_up,35,100,45,2,1,2.857,7,22,0,0,0,0,0,1,0
20260831_094025_improve-game-prior-prompts-from-lp85-vc33-sc25,59712856217e,2a659e0a594c,bp35-0a0ad940,1,0,1,0.7158509861212563,1.0,9,gave_up,28,58,43,2,2,7.143,12,28,0,0,0,0,1,1,0
20260831_094025_improve-game-prior-prompts-from-lp85-vc33-sc25,59712856217e,2a659e0a594c,bp35-0a0ad940,2,0,2,0.8999081726354453,1.0,9,gave_up,52,140,60,2,1,1.923,16,50,0,0,1,0,0,0,0
20260831_094025_improve-game-prior-prompts-from-lp85-vc33-sc25,59712856217e,2a659e0a594c,bp35-0a0ad940,3,0,3,0.5829863176680548,1.0,9,gave_up,22,52,47,2,0,0.0,1,2,0,0,0,0,0,0,0
20260831_094025_improve-game-prior-prompts-from-lp85-vc33-sc25,59712856217e,2a659e0a594c,bp35-0a0ad940,4,0,4,0.4839506172839506,1.0,9,gave_up,40,174,50,2,3,7.5,13,38,1,0,0,0,0,2,0
20260831_094025_improve-game-prior-prompts-from-lp85-vc33-sc25,59712856217e,2a659e0a594c,cd82-fb555c5d,0,0,0,14.285714285714285,2.0,6,gave_up,30,190,43,3,0,0.0,5,17,0,0,0,0,0,0,0
20260831_094025_improve-game-prior-prompts-from-lp85-vc33-sc25,59712856217e,2a659e0a594c,cd82-fb555c5d,1,0,1,4.761904761904762,1.0,6,gave_up,24,64,41,2,1,4.167,10,24,1,0,0,0,0,0,0
20260831_094025_improve-game-prior-prompts-from-lp85-vc33-sc25,59712856217e,2a659e0a594c,cd82-fb555c5d,2,0,2,5.608007909045972,2.0,6,gave_up,45,232,55,3,1,2.222,7,43,1,1,0,0,0,1,0
20260831_094025_improve-game-prior-prompts-from-lp85-vc33-sc25,59712856217e,2a659e0a594c,cd82-fb555c5d,3,0,3,4.761904761904762,1.0,6,gave_up,28,69,40,2,1,3.571,6,28,0,0,0,0,1,0,0
20260831_094025_improve-game-prior-prompts-from-lp85-vc33-sc25,59712856217e,2a659e0a594c,cd82-fb555c5d,4,0,4,2.6305262791749273,1.0,6,gave_up,31,82,39,2,0,0.0,8,30,0,0,0,0,0,0,0
20260831_094025_improve-game-prior-prompts-from-lp85-vc33-sc25,59712856217e,2a659e0a594c,cn04-2fe56bfb,0,0,0,0.7944379894389814,1.0,6,gave_up,35,103,49,2,0,0.0,13,31,0,0,0,0,0,0,0
20260831_094025_improve-game-prior-prompts-from-lp85-vc33-sc25,59712856217e,2a659e0a594c,cn04-2fe56bfb,1,0,1,1.4810510002817696,1.0,6,gave_up,13,102,33,2,0,0.0,4,8,0,0,0,0,0,0,0
20260831_094025_improve-game-prior-prompts-from-lp85-vc33-sc25,59712856217e,2a659e0a594c,cn04-2fe56bfb,2,0,2,0.8411598203658696,1.0,6,gave_up,29,69,41,2,1,3.448,16,29,1,0,0,0,0,0,0
20260831_094025_improve-game-prior-prompts-from-lp85-vc33-sc25,59712856217e,2a659e0a594c,cn04-2fe56bfb,3,0,3,4.761904761904762,1.0,6,gave_up,32,103,45,2,1,3.125,9,31,0,0,0,0,0,1,0
20260831_094025_improve-game-prior-prompts-from-lp85-vc33-sc25,59712856217e,2a659e0a594c,cn04-2fe56bfb,4,0,4,0.3250354601705953,1.0,6,gave_up,31,127,47,2,2,6.452,12,21,1,0,0,0,0,1,0
20260831_094025_improve-game-prior-prompts-from-lp85-vc33-sc25,59712856217e,2a659e0a594c,dc22-fdcac232,0,0,0,11.64233685149398,2.0,6,gave_up,50,282,59,3,0,0.0,7,24,0,0,0,0,0,0,0
20260831_094025_improve-game-prior-prompts-from-lp85-vc33-sc25,59712856217e,2a659e0a594c,dc22-fdcac232,1,0,1,0.11540013280463432,1.0,6,gave_up,45,402,52,2,1,2.222,11,44,1,0,0,0,0,0,0
20260831_094025_improve-game-prior-prompts-from-lp85-vc33-sc25,59712856217e,2a659e0a594c,dc22-fdcac232,2,0,2,0.0,0.0,6,gave_up,46,289,58,1,2,4.348,17,44,1,0,0,0,0,1,0
20260831_094025_improve-game-prior-prompts-from-lp85-vc33-sc25,59712856217e,2a659e0a594c,dc22-fdcac232,3,0,3,0.0,0.0,6,gave_up,31,321,43,1,0,0.0,1,5,0,0,0,0,0,0,0
20260831_094025_improve-game-prior-prompts-from-lp85-vc33-sc25,59712856217e,2a659e0a594c,dc22-fdcac232,4,0,4,14.285714285714285,2.0,6,gave_up,41,150,56,3,0,0.0,9,38,0,0,0,0,0,0,0
20260831_094025_improve-game-prior-prompts-from-lp85-vc33-sc25,59712856217e,2a659e0a594c,ft09-0d8bbf25,0,0,0,8.58600583090379,2.0,6,gave_up,21,70,33,3,1,4.762,10,21,0,0,0,0,1,1,0
20260831_094025_improve-game-prior-prompts-from-lp85-vc33-sc25,59712856217e,2a659e0a594c,ft09-0d8bbf25,1,0,1,19.70858134920635,3.0,6,gave_up,17,81,35,4,4,23.529,10,17,3,1,0,0,0,3,0
20260831_094025_improve-game-prior-prompts-from-lp85-vc33-sc25,59712856217e,2a659e0a594c,ft09-0d8bbf25,2,0,2,0.0,0.0,6,gave_up,32,234,45,1,3,9.375,15,32,3,0,0,0,0,1,0
20260831_094025_improve-game-prior-prompts-from-lp85-vc33-sc25,59712856217e,2a659e0a594c,ft09-0d8bbf25,3,0,3,10.221618058988302,2.0,6,gave_up,22,76,42,3,3,13.636,13,22,1,0,0,0,0,2,0
20260831_094025_improve-game-prior-prompts-from-lp85-vc33-sc25,59712856217e,2a659e0a594c,ft09-0d8bbf25,4,0,4,17.73694103680253,3.0,6,gave_up,28,202,40,4,0,0.0,7,27,0,0,0,0,0,0,0
20260831_094025_improve-game-prior-prompts-from-lp85-vc33-sc25,59712856217e,2a659e0a594c,g50t-5849a774,0,0,0,0.0,0.0,7,gave_up,26,124,43,1,0,0.0,9,25,0,0,0,0,0,0,0
20260831_094025_improve-game-prior-prompts-from-lp85-vc33-sc25,59712856217e,2a659e0a594c,g50t-5849a774,1,0,1,0.0,0.0,7,gave_up,29,263,42,1,0,0.0,12,28,0,0,0,0,0,0,0
20260831_094025_improve-game-prior-prompts-from-lp85-vc33-sc25,59712856217e,2a659e0a594c,g50t-5849a774,2,0,2,3.571428571428571,1.0,7,gave_up,24,97,45,2,0,0.0,0,14,0,0,0,0,0,0,0
20260831_094025_improve-game-prior-prompts-from-lp85-vc33-sc25,59712856217e,2a659e0a594c,g50t-5849a774,3,0,3,0.0,0.0,7,gave_up,27,268,38,1,0,0.0,15,26,0,0,0,0,0,0,0
20260831_094025_improve-game-prior-prompts-from-lp85-vc33-sc25,59712856217e,2a659e0a594c,g50t-5849a774,4,0,4,0.0,0.0,7,gave_up,35,262,44,1,2,5.714,15,34,0,0,0,0,1,1,0
20260831_094025_improve-game-prior-prompts-from-lp85-vc33-sc25,59712856217e,2a659e0a594c,ka59-38d34dbb,0,0,0,3.571428571428571,1.0,7,gave_up,30,83,49,2,2,6.667,7,29,0,0,0,0,0,2,0
20260831_094025_improve-game-prior-prompts-from-lp85-vc33-sc25,59712856217e,2a659e0a594c,ka59-38d34dbb,1,0,1,8.754409171075839,2.0,7,gave_up,45,151,53,3,0,0.0,14,44,0,0,0,0,0,0,0
20260831_094025_improve-game-prior-prompts-from-lp85-vc33-sc25,59712856217e,2a659e0a594c,ka59-38d34dbb,2,0,2,0.9967960128159488,1.0,7,gave_up,27,78,37,2,2,7.407,14,27,0,0,0,0,1,1,0
20260831_094025_improve-game-prior-prompts-from-lp85-vc33-sc25,59712856217e,2a659e0a594c,ka59-38d34dbb,3,0,3,0.16069788797061527,1.0,7,gave_up,54,256,59,2,6,11.111,17,52,2,0,0,0,1,4,0
20260831_094025_improve-game-prior-prompts-from-lp85-vc33-sc25,59712856217e,2a659e0a594c,ka59-38d34dbb,4,0,4,0.16568047337278108,1.0,7,gave_up,52,134,61,2,1,1.923,18,52,1,0,0,0,0,0,0
20260831_094025_improve-game-prior-prompts-from-lp85-vc33-sc25,59712856217e,2a659e0a594c,lf52-271a04aa,0,0,0,0.36933508863681447,1.0,10,gave_up,51,201,59,2,1,1.961,16,51,1,0,0,0,0,1,0
20260831_094025_improve-game-prior-prompts-from-lp85-vc33-sc25,59712856217e,2a659e0a594c,lf52-271a04aa,1,0,1,0.0,0.0,10,gave_up,59,201,69,1,0,0.0,0,1,0,0,0,0,0,0,0
20260831_094025_improve-game-prior-prompts-from-lp85-vc33-sc25,59712856217e,2a659e0a594c,lf52-271a04aa,2,0,2,1.8181818181818181,1.0,10,gave_up,55,283,69,2,0,0.0,14,55,0,0,0,0,0,0,0
20260831_094025_improve-game-prior-prompts-from-lp85-vc33-sc25,59712856217e,2a659e0a594c,lf52-271a04aa,3,0,3,0.5348515316915202,1.0,10,gave_up,49,155,55,2,1,2.041,18,48,1,0,0,0,0,0,0
20260831_094025_improve-game-prior-prompts-from-lp85-vc33-sc25,59712856217e,2a659e0a594c,lf52-271a04aa,4,0,4,1.8181818181818181,1.0,10,gave_up,73,323,81,2,0,0.0,17,71,0,0,0,0,0,0,0
20260831_094025_improve-game-prior-prompts-from-lp85-vc33-sc25,59712856217e,2a659e0a594c,lp85-305b61c3,0,0,0,8.333333333333332,2.0,8,gave_up,14,39,32,3,0,0.0,8,12,0,0,0,0,0,0,0
20260831_094025_improve-game-prior-prompts-from-lp85-vc33-sc25,59712856217e,2a659e0a594c,lp85-305b61c3,1,0,1,8.333333333333332,2.0,8,gave_up,21,54,44,3,0,0.0,10,20,0,0,0,0,0,0,0
20260831_094025_improve-game-prior-prompts-from-lp85-vc33-sc25,59712856217e,2a659e0a594c,lp85-305b61c3,2,0,2,21.310053352436643,4.0,8,gave_up,25,85,38,5,2,8.0,14,25,1,0,0,0,0,2,0
20260831_094025_improve-game-prior-prompts-from-lp85-vc33-sc25,59712856217e,2a659e0a594c,lp85-305b61c3,3,0,3,16.666666666666664,3.0,8,gave_up,17,65,30,4,4,23.529,11,17,0,0,0,0,0,4,0
20260831_094025_improve-game-prior-prompts-from-lp85-vc33-sc25,59712856217e,2a659e0a594c,lp85-305b61c3,4,0,4,16.666666666666664,3.0,8,gave_up,23,63,35,4,2,8.696,13,22,0,0,0,0,1,1,0
20260831_094025_improve-game-prior-prompts-from-lp85-vc33-sc25,59712856217e,2a659e0a594c,ls20-9607627b,0,0,0,0.0,0.0,7,gave_up,29,193,50,1,2,6.897,9,29,2,0,0,0,0,0,0
20260831_094025_improve-game-prior-prompts-from-lp85-vc33-sc25,59712856217e,2a659e0a594c,ls20-9607627b,1,0,1,3.571428571428571,1.0,7,gave_up,27,195,49,2,3,11.111,9,26,0,0,0,1,1,1,0
20260831_094025_improve-game-prior-prompts-from-lp85-vc33-sc25,59712856217e,2a659e0a594c,ls20-9607627b,2,0,2,3.571428571428571,1.0,7,gave_up,12,105,36,2,1,8.333,5,12,1,0,0,0,0,0,0
20260831_094025_improve-game-prior-prompts-from-lp85-vc33-sc25,59712856217e,2a659e0a594c,ls20-9607627b,3,0,3,3.571428571428571,1.0,7,gave_up,13,100,42,2,1,7.692,7,13,0,0,0,0,0,1,0
20260831_094025_improve-game-prior-prompts-from-lp85-vc33-sc25,59712856217e,2a659e0a594c,ls20-9607627b,4,0,4,3.571428571428571,1.0,7,gave_up,28,246,48,2,1,3.571,7,27,0,0,0,0,0,1,0
20260831_094025_improve-game-prior-prompts-from-lp85-vc33-sc25,59712856217e,2a659e0a594c,m0r0-492f87ba,0,0,0,1.1904761904761905,1.0,6,gave_up,36,213,50,2,0,0.0,7,30,0,0,0,0,0,0,0
20260831_094025_improve-game-prior-prompts-from-lp85-vc33-sc25,59712856217e,2a659e0a594c,m0r0-492f87ba,1,0,1,0.6696428571428571,1.0,6,gave_up,20,134,40,2,2,10.0,6,20,1,0,0,0,0,1,0
20260831_094025_improve-game-prior-prompts-from-lp85-vc33-sc25,59712856217e,2a659e0a594c,m0r0-492f87ba,2,0,2,1.3666180758017492,1.0,6,gave_up,33,197,43,2,1,3.03,14,32,0,0,0,0,0,1,0
20260831_094025_improve-game-prior-prompts-from-lp85-vc33-sc25,59712856217e,2a659e0a594c,m0r0-492f87ba,3,0,3,0.5291005291005291,1.0,6,gave_up,36,264,47,2,0,0.0,11,27,0,0,0,0,0,0,0
20260831_094025_improve-game-prior-prompts-from-lp85-vc33-sc25,59712856217e,2a659e0a594c,m0r0-492f87ba,4,0,4,2.6785714285714284,1.0,6,gave_up,30,122,51,2,1,3.333,7,30,0,0,0,0,0,1,0
20260831_094025_improve-game-prior-prompts-from-lp85-vc33-sc25,59712856217e,2a659e0a594c,r11l-495a7899,0,0,0,4.761904761904762,1.0,6,gave_up,13,31,30,2,7,53.846,10,13,0,0,0,3,4,2,0
20260831_094025_improve-game-prior-prompts-from-lp85-vc33-sc25,59712856217e,2a659e0a594c,r11l-495a7899,1,0,1,14.285714285714285,2.0,6,gave_up,33,75,41,3,0,0.0,0,2,0,0,0,0,0,0,0
20260831_094025_improve-game-prior-prompts-from-lp85-vc33-sc25,59712856217e,2a659e0a594c,r11l-495a7899,2,0,2,14.285714285714285,2.0,6,gave_up,19,53,42,3,4,21.053,13,19,1,0,0,0,1,2,0
20260831_094025_improve-game-prior-prompts-from-lp85-vc33-sc25,59712856217e,2a659e0a594c,r11l-495a7899,3,0,3,3.6876190476190476,1.0,6,gave_up,33,34,43,2,1,3.03,9,33,1,0,0,0,0,0,0
20260831_094025_improve-game-prior-prompts-from-lp85-vc33-sc25,59712856217e,2a659e0a594c,r11l-495a7899,4,0,4,4.761904761904762,1.0,6,gave_up,28,67,38,2,7,25.0,8,28,0,0,0,0,2,6,0
20260831_094025_improve-game-prior-prompts-from-lp85-vc33-sc25,59712856217e,2a659e0a594c,re86-8af5384d,0,0,0,2.7777777777777777,1.0,8,gave_up,22,105,42,2,0,0.0,12,22,0,0,0,0,0,0,0
20260831_094025_improve-game-prior-prompts-from-lp85-vc33-sc25,59712856217e,2a659e0a594c,re86-8af5384d,1,0,1,8.333333333333332,2.0,8,gave_up,29,219,48,3,1,3.448,13,29,0,0,0,0,0,1,0
20260831_094025_improve-game-prior-prompts-from-lp85-vc33-sc25,59712856217e,2a659e0a594c,re86-8af5384d,2,0,2,2.7777777777777777,1.0,8,gave_up,28,140,38,2,4,14.286,14,28,0,0,0,2,1,3,0
20260831_094025_improve-game-prior-prompts-from-lp85-vc33-sc25,59712856217e,2a659e0a594c,re86-8af5384d,3,0,3,16.666666666666664,3.0,8,gave_up,35,271,46,4,1,2.857,12,25,1,0,0,0,0,0,0
20260831_094025_improve-game-prior-prompts-from-lp85-vc33-sc25,59712856217e,2a659e0a594c,re86-8af5384d,4,0,4,22.22496367724288,4.0,8,cancelled,36,315,51,5,1,2.778,14,36,1,0,0,0,0,0,0
20260831_094025_improve-game-prior-prompts-from-lp85-vc33-sc25,59712856217e,2a659e0a594c,s5i5-18d95033,0,0,0,2.7777777777777777,1.0,8,gave_up,26,45,41,2,1,3.846,11,26,0,1,0,0,0,1,0
20260831_094025_improve-game-prior-prompts-from-lp85-vc33-sc25,59712856217e,2a659e0a594c,s5i5-18d95033,1,0,1,0.19753086419753085,1.0,8,gave_up,37,126,46,2,0,0.0,16,36,0,0,0,0,0,0,0
20260831_094025_improve-game-prior-prompts-from-lp85-vc33-sc25,59712856217e,2a659e0a594c,s5i5-18d95033,2,0,2,2.295684113865932,1.0,8,gave_up,37,105,47,2,1,2.703,16,37,0,0,0,0,1,1,0
20260831_094025_improve-game-prior-prompts-from-lp85-vc33-sc25,59712856217e,2a659e0a594c,s5i5-18d95033,3,0,3,2.7777777777777777,1.0,8,gave_up,24,37,38,2,0,0.0,13,23,0,0,0,0,0,0,0
20260831_094025_improve-game-prior-prompts-from-lp85-vc33-sc25,59712856217e,2a659e0a594c,s5i5-18d95033,4,0,4,6.643964901540659,2.0,8,cancelled,48,104,53,3,1,2.083,4,16,0,0,0,0,0,1,0
20260831_094025_improve-game-prior-prompts-from-lp85-vc33-sc25,59712856217e,2a659e0a594c,sb26-7fbdac44,0,0,0,77.77777777777779,7.0,8,gave_up,35,176,50,8,1,2.857,16,34,1,0,0,0,0,0,0
20260831_094025_improve-game-prior-prompts-from-lp85-vc33-sc25,59712856217e,2a659e0a594c,sb26-7fbdac44,1,0,1,2.7777777777777777,1.0,8,gave_up,45,239,56,2,1,2.222,16,44,1,0,0,0,0,1,0
20260831_094025_improve-game-prior-prompts-from-lp85-vc33-sc25,59712856217e,2a659e0a594c,sb26-7fbdac44,2,0,2,2.7777777777777777,1.0,8,gave_up,41,547,50,2,0,0.0,19,41,0,0,0,0,0,0,0
20260831_094025_improve-game-prior-prompts-from-lp85-vc33-sc25,59712856217e,2a659e0a594c,sb26-7fbdac44,3,0,3,2.7777777777777777,1.0,8,gave_up,39,351,50,2,6,15.385,13,38,3,2,0,0,0,2,0
20260831_094025_improve-game-prior-prompts-from-lp85-vc33-sc25,59712856217e,2a659e0a594c,sb26-7fbdac44,4,0,4,2.7777777777777777,1.0,8,cancelled,45,293,53,2,3,6.667,12,44,2,0,0,0,0,3,0
20260831_094025_improve-game-prior-prompts-from-lp85-vc33-sc25,59712856217e,2a659e0a594c,sc25-635fd71a,0,0,0,7.225461613216716,2.0,6,gave_up,63,209,70,3,1,1.587,11,63,0,0,0,0,1,0,0
20260831_094025_improve-game-prior-prompts-from-lp85-vc33-sc25,59712856217e,2a659e0a594c,sc25-635fd71a,1,0,1,3.79771743408107,2.0,6,gave_up,45,131,53,3,1,2.222,18,45,0,0,0,0,1,0,0
20260831_094025_improve-game-prior-prompts-from-lp85-vc33-sc25,59712856217e,2a659e0a594c,sc25-635fd71a,2,0,2,4.688046647230321,2.0,6,gave_up,41,139,49,3,2,4.878,11,40,0,0,0,0,0,2,0
20260831_094025_improve-game-prior-prompts-from-lp85-vc33-sc25,59712856217e,2a659e0a594c,sc25-635fd71a,3,0,3,3.6540493248953334,3.0,6,gave_up,60,227,69,4,1,1.667,13,60,0,0,0,0,0,1,0
20260831_094025_improve-game-prior-prompts-from-lp85-vc33-sc25,59712856217e,2a659e0a594c,sc25-635fd71a,4,0,4,1.2242468897894407,1.0,6,gave_up,62,207,71,2,1,1.613,18,61,1,0,0,0,0,0,0
20260831_094025_improve-game-prior-prompts-from-lp85-vc33-sc25,59712856217e,2a659e0a594c,sk48-d8078629,0,0,0,0.0,0.0,8,gave_up,32,88,40,1,2,6.25,12,28,0,0,0,0,0,2,0
20260831_094025_improve-game-prior-prompts-from-lp85-vc33-sc25,59712856217e,2a659e0a594c,sk48-d8078629,1,0,1,0.0,0.0,8,gave_up,46,177,54,1,2,4.348,15,46,0,0,0,0,1,2,0
20260831_094025_improve-game-prior-prompts-from-lp85-vc33-sc25,59712856217e,2a659e0a594c,sk48-d8078629,2,0,2,0.0,0.0,8,gave_up,36,150,49,1,1,2.778,15,36,1,0,0,0,0,0,0
20260831_094025_improve-game-prior-prompts-from-lp85-vc33-sc25,59712856217e,2a659e0a594c,sk48-d8078629,3,0,3,0.0,0.0,8,gave_up,38,170,47,1,1,2.632,13,37,0,1,0,0,0,0,0
20260831_094025_improve-game-prior-prompts-from-lp85-vc33-sc25,59712856217e,2a659e0a594c,sk48-d8078629,4,0,4,0.0,0.0,8,gave_up,12,37,22,1,1,8.333,5,12,0,0,0,0,0,1,0
20260831_094025_improve-game-prior-prompts-from-lp85-vc33-sc25,59712856217e,2a659e0a594c,sp80-589a99af,0,0,0,0.7100144243561556,1.0,6,gave_up,40,183,44,2,2,5.0,20,39,0,0,0,0,0,2,0
20260831_094025_improve-game-prior-prompts-from-lp85-vc33-sc25,59712856217e,2a659e0a594c,sp80-589a99af,1,0,1,0.6696428571428571,1.0,6,gave_up,58,483,60,2,0,0.0,11,41,0,0,0,0,0,0,0
20260831_094025_improve-game-prior-prompts-from-lp85-vc33-sc25,59712856217e,2a659e0a594c,sp80-589a99af,2,0,2,4.761904761904762,1.0,6,gave_up,29,152,36,2,8,27.586,15,27,2,1,0,1,1,5,0
20260831_094025_improve-game-prior-prompts-from-lp85-vc33-sc25,59712856217e,2a659e0a594c,sp80-589a99af,3,0,3,0.15240419878076641,1.0,6,gave_up,50,357,54,2,0,0.0,21,49,0,0,0,0,0,0,0
20260831_094025_improve-game-prior-prompts-from-lp85-vc33-sc25,59712856217e,2a659e0a594c,sp80-589a99af,4,0,4,0.08101539292465569,1.0,6,gave_up,46,347,53,2,0,0.0,18,45,0,0,0,0,0,0,0
20260831_094025_improve-game-prior-prompts-from-lp85-vc33-sc25,59712856217e,2a659e0a594c,su15-1944f8ab,0,0,0,2.2222222222222223,1.0,9,gave_up,47,151,53,2,1,2.128,15,46,0,1,0,0,0,1,0
20260831_094025_improve-game-prior-prompts-from-lp85-vc33-sc25,59712856217e,2a659e0a594c,su15-1944f8ab,1,0,1,3.326180798426374,2.0,9,gave_up,41,192,52,3,5,12.195,21,41,2,1,0,0,0,4,0
20260831_094025_improve-game-prior-prompts-from-lp85-vc33-sc25,59712856217e,2a659e0a594c,su15-1944f8ab,2,0,2,0.93041138023837,1.0,9,gave_up,63,269,68,2,2,3.175,23,62,1,0,0,0,0,1,0
20260831_094025_improve-game-prior-prompts-from-lp85-vc33-sc25,59712856217e,2a659e0a594c,su15-1944f8ab,3,0,3,2.2222222222222223,1.0,9,gave_up,51,123,60,2,7,13.725,21,50,1,2,1,0,1,5,0
20260831_094025_improve-game-prior-prompts-from-lp85-vc33-sc25,59712856217e,2a659e0a594c,su15-1944f8ab,4,0,4,2.2222222222222223,1.0,9,cancelled,54,111,59,2,1,1.852,21,53,0,0,0,0,0,1,0
20260831_094025_improve-game-prior-prompts-from-lp85-vc33-sc25,59712856217e,2a659e0a594c,tn36-ef4dde99,0,0,0,6.37698825628066,2.0,7,gave_up,56,171,66,3,0,0.0,13,42,0,0,0,0,0,0,0
20260831_094025_improve-game-prior-prompts-from-lp85-vc33-sc25,59712856217e,2a659e0a594c,tn36-ef4dde99,1,0,1,0.059944317348962564,1.0,7,gave_up,43,255,52,2,0,0.0,7,42,0,0,0,0,0,0,0
20260831_094025_improve-game-prior-prompts-from-lp85-vc33-sc25,59712856217e,2a659e0a594c,tn36-ef4dde99,2,0,2,0.0,0.0,7,gave_up,58,644,68,1,1,1.724,21,52,0,1,1,0,0,0,0
20260831_094025_improve-game-prior-prompts-from-lp85-vc33-sc25,59712856217e,2a659e0a594c,tn36-ef4dde99,3,0,3,0.06402448936718294,1.0,7,gave_up,61,394,70,2,2,3.279,21,51,1,1,0,0,0,0,0
20260831_094025_improve-game-prior-prompts-from-lp85-vc33-sc25,59712856217e,2a659e0a594c,tn36-ef4dde99,4,0,4,6.659109574148042,2.0,7,gave_up,47,327,54,3,1,2.128,17,45,0,0,1,0,0,0,0
20260831_094025_improve-game-prior-prompts-from-lp85-vc33-sc25,59712856217e,2a659e0a594c,tr87-cd924810,0,0,0,0.0,0.0,6,gave_up,14,46,41,1,3,21.429,7,12,1,0,0,0,0,3,0
20260831_094025_improve-game-prior-prompts-from-lp85-vc33-sc25,59712856217e,2a659e0a594c,tr87-cd924810,1,0,1,0.0,0.0,6,gave_up,11,164,28,1,0,0.0,7,11,0,0,0,0,0,0,0
20260831_094025_improve-game-prior-prompts-from-lp85-vc33-sc25,59712856217e,2a659e0a594c,tr87-cd924810,2,0,2,0.0,0.0,6,gave_up,20,207,35,1,0,0.0,8,20,0,0,0,0,0,0,0
20260831_094025_improve-game-prior-prompts-from-lp85-vc33-sc25,59712856217e,2a659e0a594c,tr87-cd924810,3,0,3,4.761904761904762,1.0,6,gave_up,21,165,39,2,1,4.762,6,21,1,0,0,0,0,0,0
20260831_094025_improve-game-prior-prompts-from-lp85-vc33-sc25,59712856217e,2a659e0a594c,tr87-cd924810,4,0,4,0.3506404960913686,1.0,6,cancelled,19,221,34,2,0,0.0,10,19,0,0,0,0,0,0,0
20260831_094025_improve-game-prior-prompts-from-lp85-vc33-sc25,59712856217e,2a659e0a594c,tu93-0768757b,0,0,0,2.8447725136980178,2.0,9,gave_up,10,63,27,3,0,0.0,5,10,0,0,0,0,0,0,0
20260831_094025_improve-game-prior-prompts-from-lp85-vc33-sc25,59712856217e,2a659e0a594c,tu93-0768757b,1,0,1,22.22222222222222,4.0,9,gave_up,21,116,31,5,2,9.524,11,20,1,0,0,0,0,2,0
20260831_094025_improve-game-prior-prompts-from-lp85-vc33-sc25,59712856217e,2a659e0a594c,tu93-0768757b,2,0,2,4.042666666666667,2.0,9,gave_up,17,54,35,3,3,17.647,11,17,2,1,0,0,0,1,0
20260831_094025_improve-game-prior-prompts-from-lp85-vc33-sc25,59712856217e,2a659e0a594c,tu93-0768757b,3,0,3,21.072138302709334,4.0,9,gave_up,18,101,31,5,1,5.556,8,18,1,0,0,0,0,0,0
20260831_094025_improve-game-prior-prompts-from-lp85-vc33-sc25,59712856217e,2a659e0a594c,tu93-0768757b,4,0,4,11.903858024691358,3.0,9,gave_up,20,81,33,4,2,10.0,8,19,1,0,0,0,0,1,0
20260831_094025_improve-game-prior-prompts-from-lp85-vc33-sc25,59712856217e,2a659e0a594c,vc33-5430563c,0,0,0,18.923615402043172,3.0,7,gave_up,38,128,42,4,3,7.895,13,37,1,2,0,0,1,1,0
20260831_094025_improve-game-prior-prompts-from-lp85-vc33-sc25,59712856217e,2a659e0a594c,vc33-5430563c,1,0,1,0.2588757396449704,1.0,7,gave_up,38,159,44,2,2,5.263,14,37,1,0,0,0,0,2,0
20260831_094025_improve-game-prior-prompts-from-lp85-vc33-sc25,59712856217e,2a659e0a594c,vc33-5430563c,2,0,2,21.313492063492067,3.0,7,gave_up,39,136,47,4,1,2.564,20,39,0,0,0,0,1,0,0
20260831_094025_improve-game-prior-prompts-from-lp85-vc33-sc25,59712856217e,2a659e0a594c,vc33-5430563c,3,0,3,11.561096534078363,3.0,7,gave_up,37,105,45,4,2,5.405,15,35,1,0,0,0,0,1,0
20260831_094025_improve-game-prior-prompts-from-lp85-vc33-sc25,59712856217e,2a659e0a594c,vc33-5430563c,4,0,4,21.313492063492067,3.0,7,gave_up,41,135,50,4,1,2.439,9,24,0,1,0,0,0,1,0
20260831_094025_improve-game-prior-prompts-from-lp85-vc33-sc25,59712856217e,2a659e0a594c,wa30-ee6fef47,0,0,0,0.5328048619368476,1.0,9,gave_up,33,183,40,2,0,0.0,6,14,0,0,0,0,0,0,0
20260831_094025_improve-game-prior-prompts-from-lp85-vc33-sc25,59712856217e,2a659e0a594c,wa30-ee6fef47,1,0,1,0.0,0.0,9,gave_up,35,322,41,1,4,11.429,22,33,2,0,0,0,1,1,0
20260831_094025_improve-game-prior-prompts-from-lp85-vc33-sc25,59712856217e,2a659e0a594c,wa30-ee6fef47,2,0,2,0.596847046844383,1.0,9,gave_up,36,235,40,2,3,8.333,18,36,2,0,0,0,0,2,0
20260831_094025_improve-game-prior-prompts-from-lp85-vc33-sc25,59712856217e,2a659e0a594c,wa30-ee6fef47,3,0,3,2.830541148417142,2.0,9,gave_up,75,336,79,3,2,2.667,9,70,1,2,0,0,0,2,0
20260831_094025_improve-game-prior-prompts-from-lp85-vc33-sc25,59712856217e,2a659e0a594c,wa30-ee6fef47,4,0,4,2.2222222222222223,1.0,9,gave_up,38,190,47,2,6,15.789,19,37,1,0,0,1,0,4,0
20260831_094025_improve-game-prior-prompts-from-lp85-vc33-sc25,59712856217e,2a659e0a594c,ar25-0c556536,5,5,0,27.77777777777778,4.0,8,gave_up,35,183,56,5,0,0.0,11,34,0,0,0,0,0,0,0
20260831_094025_improve-game-prior-prompts-from-lp85-vc33-sc25,59712856217e,2a659e0a594c,ar25-0c556536,6,5,1,30.957288816223077,5.0,8,gave_up,38,402,46,6,0,0.0,16,38,0,0,0,0,0,0,0
20260831_094025_improve-game-prior-prompts-from-lp85-vc33-sc25,59712856217e,2a659e0a594c,ar25-0c556536,7,5,2,21.055360693999173,4.0,8,gave_up,41,291,49,5,2,4.878,15,40,1,0,0,0,0,1,1
20260831_094025_improve-game-prior-prompts-from-lp85-vc33-sc25,59712856217e,2a659e0a594c,ar25-0c556536,8,5,3,14.669596354166666,3.0,8,gave_up,38,170,54,4,3,7.895,24,38,1,1,0,0,0,1,0
20260831_094025_improve-game-prior-prompts-from-lp85-vc33-sc25,59712856217e,2a659e0a594c,ar25-0c556536,9,5,4,15.850905177961586,4.0,8,gave_up,40,302,47,5,2,5.0,11,40,1,0,0,1,0,0,0
20260831_094025_improve-game-prior-prompts-from-lp85-vc33-sc25,59712856217e,2a659e0a594c,bp35-0a0ad940,5,5,0,0.6125,1.0,9,gave_up,36,126,50,2,3,8.333,10,35,0,0,0,0,0,3,0
20260831_094025_improve-game-prior-prompts-from-lp85-vc33-sc25,59712856217e,2a659e0a594c,bp35-0a0ad940,6,5,1,0.6443129520052597,1.0,9,gave_up,41,238,51,2,2,4.878,16,40,0,0,0,0,0,2,0
20260831_094025_improve-game-prior-prompts-from-lp85-vc33-sc25,59712856217e,2a659e0a594c,bp35-0a0ad940,7,5,2,0.8,1.0,9,gave_up,22,45,37,2,2,9.091,9,22,0,1,1,0,0,2,0
20260831_094025_improve-game-prior-prompts-from-lp85-vc33-sc25,59712856217e,2a659e0a594c,bp35-0a0ad940,8,5,3,0.11330789686668978,1.0,9,gave_up,43,121,54,2,4,9.302,19,42,0,0,0,0,1,4,0
20260831_094025_improve-game-prior-prompts-from-lp85-vc33-sc25,59712856217e,2a659e0a594c,bp35-0a0ad940,9,5,4,0.506198347107438,1.0,9,gave_up,49,293,60,2,1,2.041,8,48,0,0,0,0,0,1,0
20260831_094025_improve-game-prior-prompts-from-lp85-vc33-sc25,59712856217e,2a659e0a594c,cd82-fb555c5d,5,5,0,5.629761604818294,2.0,6,gave_up,38,116,44,3,1,2.632,12,38,1,0,0,0,0,0,0
20260831_094025_improve-game-prior-prompts-from-lp85-vc33-sc25,59712856217e,2a659e0a594c,cd82-fb555c5d,6,5,1,0.0,0.0,6,gave_up,66,156,71,1,1,1.515,13,65,0,0,0,0,1,1,0
20260831_094025_improve-game-prior-prompts-from-lp85-vc33-sc25,59712856217e,2a659e0a594c,cd82-fb555c5d,7,5,2,11.969594560513281,2.0,6,gave_up,55,196,69,3,1,1.818,18,55,0,1,0,0,0,0,0
20260831_094025_improve-game-prior-prompts-from-lp85-vc33-sc25,59712856217e,2a659e0a594c,cd82-fb555c5d,8,5,3,4.761904761904762,1.0,6,gave_up,28,60,45,2,0,0.0,6,27,0,0,0,0,0,0,0
20260831_094025_improve-game-prior-prompts-from-lp85-vc33-sc25,59712856217e,2a659e0a594c,cd82-fb555c5d,9,5,4,6.534391534391535,2.0,6,gave_up,38,102,46,3,0,0.0,12,38,0,0,0,0,0,0,0
20260831_094025_improve-game-prior-prompts-from-lp85-vc33-sc25,59712856217e,2a659e0a594c,cn04-2fe56bfb,5,5,0,4.761904761904762,1.0,6,gave_up,42,218,56,2,5,11.905,13,42,2,0,0,1,2,4,0
20260831_094025_improve-game-prior-prompts-from-lp85-vc33-sc25,59712856217e,2a659e0a594c,cn04-2fe56bfb,6,5,1,4.761904761904762,1.0,6,gave_up,48,189,57,2,2,4.167,13,47,1,0,0,0,0,1,0
20260831_094025_improve-game-prior-prompts-from-lp85-vc33-sc25,59712856217e,2a659e0a594c,cn04-2fe56bfb,7,5,2,0.0,0.0,6,gave_up,36,139,45,1,1,2.778,15,34,0,0,0,0,0,1,0
20260831_094025_improve-game-prior-prompts-from-lp85-vc33-sc25,59712856217e,2a659e0a594c,cn04-2fe56bfb,8,5,3,4.761904761904762,1.0,6,gave_up,19,118,35,2,1,5.263,16,19,0,1,0,0,0,0,0
20260831_094025_improve-game-prior-prompts-from-lp85-vc33-sc25,59712856217e,2a659e0a594c,cn04-2fe56bfb,9,5,4,3.464326907233482,1.0,6,gave_up,17,81,33,2,1,5.882,8,17,0,0,0,0,0,1,0
20260831_094025_improve-game-prior-prompts-from-lp85-vc33-sc25,59712856217e,2a659e0a594c,dc22-fdcac232,5,5,0,4.761904761904762,1.0,6,gave_up,43,351,50,2,1,2.326,12,42,1,0,0,0,0,0,0
20260831_094025_improve-game-prior-prompts-from-lp85-vc33-sc25,59712856217e,2a659e0a594c,dc22-fdcac232,6,5,1,0.0,0.0,6,gave_up,58,254,68,1,1,1.724,24,57,0,1,0,0,0,1,0
20260831_094025_improve-game-prior-prompts-from-lp85-vc33-sc25,59712856217e,2a659e0a594c,dc22-fdcac232,7,5,2,5.242782725728027,2.0,6,gave_up,55,358,63,3,1,1.818,19,54,0,0,0,0,1,0,0
20260831_094025_improve-game-prior-prompts-from-lp85-vc33-sc25,59712856217e,2a659e0a594c,dc22-fdcac232,8,5,3,6.750687993854693,2.0,6,gave_up,66,257,72,3,1,1.515,14,66,1,0,0,0,0,0,0
20260831_094025_improve-game-prior-prompts-from-lp85-vc33-sc25,59712856217e,2a659e0a594c,dc22-fdcac232,9,5,4,0.0,0.0,6,gave_up,54,370,64,1,0,0.0,1,1,0,0,0,0,0,0,0
20260831_094025_improve-game-prior-prompts-from-lp85-vc33-sc25,59712856217e,2a659e0a594c,ft09-0d8bbf25,5,5,0,27.80725628039432,4.0,6,gave_up,26,168,45,5,0,0.0,6,24,0,0,0,0,0,0,0
20260831_094025_improve-game-prior-prompts-from-lp85-vc33-sc25,59712856217e,2a659e0a594c,ft09-0d8bbf25,6,5,1,28.57142857142857,3.0,6,gave_up,46,225,60,4,2,4.348,10,44,2,0,0,0,0,1,0
20260831_094025_improve-game-prior-prompts-from-lp85-vc33-sc25,59712856217e,2a659e0a594c,ft09-0d8bbf25,7,5,2,14.285714285714285,2.0,6,gave_up,44,153,57,3,1,2.273,15,41,0,0,0,0,0,1,0
20260831_094025_improve-game-prior-prompts-from-lp85-vc33-sc25,59712856217e,2a659e0a594c,ft09-0d8bbf25,8,5,3,14.285714285714285,2.0,6,gave_up,12,48,40,3,0,0.0,5,12,0,0,0,0,0,0,0
20260831_094025_improve-game-prior-prompts-from-lp85-vc33-sc25,59712856217e,2a659e0a594c,ft09-0d8bbf25,9,5,4,47.61904761904761,4.0,6,gave_up,19,63,40,5,2,10.526,9,19,0,0,0,0,0,2,0
20260831_094025_improve-game-prior-prompts-from-lp85-vc33-sc25,59712856217e,2a659e0a594c,g50t-5849a774,5,5,0,0.0,0.0,7,gave_up,28,133,40,1,1,3.571,8,28,1,0,0,0,0,0,0
20260831_094025_improve-game-prior-prompts-from-lp85-vc33-sc25,59712856217e,2a659e0a594c,g50t-5849a774,6,5,1,0.5221206129510627,1.0,7,gave_up,33,219,40,2,1,3.03,13,32,0,0,0,0,0,1,0
20260831_094025_improve-game-prior-prompts-from-lp85-vc33-sc25,59712856217e,2a659e0a594c,g50t-5849a774,7,5,2,0.0,0.0,7,gave_up,25,126,40,1,2,8.0,13,25,0,0,0,0,0,2,0
20260831_094025_improve-game-prior-prompts-from-lp85-vc33-sc25,59712856217e,2a659e0a594c,g50t-5849a774,8,5,3,0.0,0.0,7,gave_up,24,165,44,1,2,8.333,16,23,1,0,0,0,0,1,0
20260831_094025_improve-game-prior-prompts-from-lp85-vc33-sc25,59712856217e,2a659e0a594c,g50t-5849a774,9,5,4,0.0,0.0,7,gave_up,38,202,46,1,0,0.0,14,38,0,0,0,0,0,0,0
20260831_094025_improve-game-prior-prompts-from-lp85-vc33-sc25,59712856217e,2a659e0a594c,ka59-38d34dbb,5,5,0,8.651785714285714,2.0,7,gave_up,43,257,50,3,2,4.651,17,43,2,0,0,0,0,0,0
20260831_094025_improve-game-prior-prompts-from-lp85-vc33-sc25,59712856217e,2a659e0a594c,ka59-38d34dbb,6,5,1,9.188145674632162,2.0,7,gave_up,38,213,45,3,0,0.0,11,38,0,0,0,0,0,0,0
20260831_094025_improve-game-prior-prompts-from-lp85-vc33-sc25,59712856217e,2a659e0a594c,ka59-38d34dbb,7,5,2,3.571428571428571,1.0,7,gave_up,21,56,32,2,1,4.762,6,20,0,0,0,0,0,1,0
20260831_094025_improve-game-prior-prompts-from-lp85-vc33-sc25,59712856217e,2a659e0a594c,ka59-38d34dbb,8,5,3,9.636168676745372,2.0,7,gave_up,49,239,56,3,2,4.082,12,49,0,0,0,0,0,2,0
20260831_094025_improve-game-prior-prompts-from-lp85-vc33-sc25,59712856217e,2a659e0a594c,ka59-38d34dbb,9,5,4,8.418829508573099,2.0,7,gave_up,52,318,57,3,3,5.769,24,52,0,0,0,0,0,3,0
20260831_094025_improve-game-prior-prompts-from-lp85-vc33-sc25,59712856217e,2a659e0a594c,lf52-271a04aa,5,5,0,1.8181818181818181,1.0,10,gave_up,61,188,74,2,1,1.639,17,61,0,0,0,0,0,1,0
20260831_094025_improve-game-prior-prompts-from-lp85-vc33-sc25,59712856217e,2a659e0a594c,lf52-271a04aa,6,5,1,0.8080808080808081,1.0,10,gave_up,54,159,68,2,0,0.0,24,51,0,0,0,0,0,0,0
20260831_094025_improve-game-prior-prompts-from-lp85-vc33-sc25,59712856217e,2a659e0a594c,lf52-271a04aa,7,5,2,0.24042073628850488,1.0,10,gave_up,51,113,61,2,1,1.961,14,48,0,0,0,0,1,0,0
20260831_094025_improve-game-prior-prompts-from-lp85-vc33-sc25,59712856217e,2a659e0a594c,lf52-271a04aa,8,5,3,2.33443696011447,2.0,10,gave_up,58,344,64,3,0,0.0,21,55,0,0,0,0,0,0,0
20260831_094025_improve-game-prior-prompts-from-lp85-vc33-sc25,59712856217e,2a659e0a594c,lf52-271a04aa,9,5,4,3.524607896160086,2.0,10,gave_up,80,207,91,3,1,1.25,17,69,1,0,0,0,0,0,0
20260831_094025_improve-game-prior-prompts-from-lp85-vc33-sc25,59712856217e,2a659e0a594c,lp85-305b61c3,5,5,0,20.779163517258755,4.0,8,gave_up,27,114,45,5,2,7.407,13,27,2,1,0,0,0,0,0
20260831_094025_improve-game-prior-prompts-from-lp85-vc33-sc25,59712856217e,2a659e0a594c,lp85-305b61c3,6,5,1,4.029744550881578,2.0,8,gave_up,46,110,59,3,1,2.174,16,45,1,0,0,0,0,0,0
20260831_094025_improve-game-prior-prompts-from-lp85-vc33-sc25,59712856217e,2a659e0a594c,lp85-305b61c3,7,5,2,22.32716049382716,4.0,8,gave_up,21,72,40,5,2,9.524,11,20,0,0,0,0,1,1,0
20260831_094025_improve-game-prior-prompts-from-lp85-vc33-sc25,59712856217e,2a659e0a594c,lp85-305b61c3,8,5,3,16.666666666666664,3.0,8,gave_up,29,71,44,4,0,0.0,15,29,0,0,0,0,0,0,0
20260831_094025_improve-game-prior-prompts-from-lp85-vc33-sc25,59712856217e,2a659e0a594c,lp85-305b61c3,9,5,4,41.66666666666667,5.0,8,gave_up,32,109,51,6,4,12.5,11,29,2,0,0,0,0,2,0
20260831_094025_improve-game-prior-prompts-from-lp85-vc33-sc25,59712856217e,2a659e0a594c,ls20-9607627b,5,5,0,0.0,0.0,7,gave_up,36,298,47,1,2,5.556,7,29,0,0,0,0,0,2,0
20260831_094025_improve-game-prior-prompts-from-lp85-vc33-sc25,59712856217e,2a659e0a594c,ls20-9607627b,6,5,1,1.136470367239598,1.0,7,gave_up,33,245,53,2,0,0.0,13,33,0,0,0,0,0,0,0
20260831_094025_improve-game-prior-prompts-from-lp85-vc33-sc25,59712856217e,2a659e0a594c,ls20-9607627b,7,5,2,3.571428571428571,1.0,7,gave_up,48,517,63,2,1,2.083,16,47,1,0,0,0,0,0,0
20260831_094025_improve-game-prior-prompts-from-lp85-vc33-sc25,59712856217e,2a659e0a594c,ls20-9607627b,8,5,3,3.571428571428571,1.0,7,gave_up,30,287,50,2,4,13.333,9,27,1,0,0,0,0,3,0
20260831_094025_improve-game-prior-prompts-from-lp85-vc33-sc25,59712856217e,2a659e0a594c,ls20-9607627b,9,5,4,2.055376252760319,1.0,7,gave_up,55,507,67,2,0,0.0,17,53,0,0,0,0,0,0,0
20260831_094025_improve-game-prior-prompts-from-lp85-vc33-sc25,59712856217e,2a659e0a594c,m0r0-492f87ba,5,5,0,2.4295432458697768,1.0,6,gave_up,28,131,45,2,0,0.0,15,27,0,0,0,0,0,0,0
20260831_094025_improve-game-prior-prompts-from-lp85-vc33-sc25,59712856217e,2a659e0a594c,m0r0-492f87ba,6,5,1,0.40396967534303746,1.0,6,gave_up,41,210,51,2,1,2.439,8,40,1,0,0,0,0,0,0
20260831_094025_improve-game-prior-prompts-from-lp85-vc33-sc25,59712856217e,2a659e0a594c,m0r0-492f87ba,7,5,2,0.3478381856760236,1.0,6,gave_up,30,127,45,2,1,3.333,9,25,1,0,0,0,0,0,0
20260831_094025_improve-game-prior-prompts-from-lp85-vc33-sc25,59712856217e,2a659e0a594c,m0r0-492f87ba,8,5,3,4.4596402556860415,1.0,6,gave_up,32,105,47,2,1,3.125,14,32,0,0,0,0,0,1,0
20260831_094025_improve-game-prior-prompts-from-lp85-vc33-sc25,59712856217e,2a659e0a594c,m0r0-492f87ba,9,5,4,0.0,0.0,6,gave_up,54,316,64,1,1,1.852,19,54,0,1,0,0,0,1,0
20260831_094025_improve-game-prior-prompts-from-lp85-vc33-sc25,59712856217e,2a659e0a594c,r11l-495a7899,5,5,0,1.7783656672545565,1.0,6,gave_up,69,91,76,2,7,10.145,18,67,2,0,0,0,0,7,0
20260831_094025_improve-game-prior-prompts-from-lp85-vc33-sc25,59712856217e,2a659e0a594c,r11l-495a7899,6,5,1,4.761904761904762,1.0,6,gave_up,39,46,47,2,2,5.128,16,38,1,0,0,0,0,1,0
20260831_094025_improve-game-prior-prompts-from-lp85-vc33-sc25,59712856217e,2a659e0a594c,r11l-495a7899,7,5,2,14.285714285714285,2.0,6,gave_up,16,49,32,3,3,18.75,8,16,0,1,0,0,1,1,0
20260831_094025_improve-game-prior-prompts-from-lp85-vc33-sc25,59712856217e,2a659e0a594c,r11l-495a7899,8,5,3,4.761904761904762,1.0,6,gave_up,32,51,41,2,1,3.125,10,15,1,0,0,0,0,1,0
20260831_094025_improve-game-prior-prompts-from-lp85-vc33-sc25,59712856217e,2a659e0a594c,r11l-495a7899,9,5,4,2.1164021164021163,1.0,6,gave_up,65,76,71,2,0,0.0,7,37,0,0,0,0,0,0,0
20260831_094025_improve-game-prior-prompts-from-lp85-vc33-sc25,59712856217e,2a659e0a594c,re86-8af5384d,5,5,0,16.15277777777778,3.0,8,gave_up,48,360,53,4,5,10.417,16,48,0,0,0,0,1,5,0
20260831_094025_improve-game-prior-prompts-from-lp85-vc33-sc25,59712856217e,2a659e0a594c,re86-8af5384d,6,5,1,3.7165820117096158,2.0,8,gave_up,27,160,40,3,1,3.704,12,27,0,0,0,0,0,1,0
20260831_094025_improve-game-prior-prompts-from-lp85-vc33-sc25,59712856217e,2a659e0a594c,re86-8af5384d,7,5,2,16.666666666666664,3.0,8,gave_up,29,244,46,4,1,3.448,16,29,0,0,0,0,0,1,0
20260831_094025_improve-game-prior-prompts-from-lp85-vc33-sc25,59712856217e,2a659e0a594c,re86-8af5384d,8,5,3,2.7777777777777777,1.0,8,gave_up,37,234,54,2,1,2.703,15,37,0,0,1,0,1,0,0
20260831_094025_improve-game-prior-prompts-from-lp85-vc33-sc25,59712856217e,2a659e0a594c,re86-8af5384d,9,5,4,13.083635897062443,3.0,8,cancelled,41,317,47,4,3,7.317,4,18,1,1,1,0,0,2,0
20260831_094025_improve-game-prior-prompts-from-lp85-vc33-sc25,59712856217e,2a659e0a594c,s5i5-18d95033,5,5,0,8.070406278855033,2.0,8,gave_up,39,141,45,3,7,17.949,20,38,0,0,0,3,1,5,0
20260831_094025_improve-game-prior-prompts-from-lp85-vc33-sc25,59712856217e,2a659e0a594c,s5i5-18d95033,6,5,1,0.8573388203017834,1.0,8,gave_up,30,90,41,2,0,0.0,11,29,0,0,0,0,0,0,0
20260831_094025_improve-game-prior-prompts-from-lp85-vc33-sc25,59712856217e,2a659e0a594c,s5i5-18d95033,7,5,2,0.2712673611111111,1.0,8,gave_up,44,179,54,2,1,2.273,6,27,0,0,0,0,0,0,1
20260831_094025_improve-game-prior-prompts-from-lp85-vc33-sc25,59712856217e,2a659e0a594c,s5i5-18d95033,8,5,3,1.9290123456790127,1.0,8,gave_up,49,150,57,2,0,0.0,6,36,0,0,0,0,0,0,0
20260831_094025_improve-game-prior-prompts-from-lp85-vc33-sc25,59712856217e,2a659e0a594c,s5i5-18d95033,9,5,4,2.7777777777777777,1.0,8,cancelled,21,67,30,2,0,0.0,0,1,0,0,0,0,0,0,0
20260831_094025_improve-game-prior-prompts-from-lp85-vc33-sc25,59712856217e,2a659e0a594c,sb26-7fbdac44,5,5,0,2.288689667523526,3.0,8,gave_up,51,254,59,4,1,1.961,14,49,1,0,0,0,0,0,0
20260831_094025_improve-game-prior-prompts-from-lp85-vc33-sc25,59712856217e,2a659e0a594c,sb26-7fbdac44,6,5,1,2.7777777777777777,1.0,8,gave_up,56,264,68,2,6,10.714,24,55,5,1,0,0,0,1,0
20260831_094025_improve-game-prior-prompts-from-lp85-vc33-sc25,59712856217e,2a659e0a594c,sb26-7fbdac44,7,5,2,2.7777777777777777,1.0,8,gave_up,53,316,67,2,3,5.66,20,52,2,0,0,0,0,1,0
20260831_094025_improve-game-prior-prompts-from-lp85-vc33-sc25,59712856217e,2a659e0a594c,sb26-7fbdac44,8,5,3,3.2991050450681363,2.0,8,gave_up,46,291,57,3,2,4.348,22,46,1,0,0,0,0,1,0
20260831_094025_improve-game-prior-prompts-from-lp85-vc33-sc25,59712856217e,2a659e0a594c,sb26-7fbdac44,9,5,4,27.77777777777778,4.0,8,cancelled,36,242,44,5,2,5.556,8,36,1,0,1,0,0,0,1
20260831_094025_improve-game-prior-prompts-from-lp85-vc33-sc25,59712856217e,2a659e0a594c,sc25-635fd71a,5,5,0,1.4606931530008456,1.0,6,gave_up,59,216,70,2,0,0.0,16,58,0,0,0,0,0,0,0
20260831_094025_improve-game-prior-prompts-from-lp85-vc33-sc25,59712856217e,2a659e0a594c,sc25-635fd71a,6,5,1,28.370262390670558,3.0,6,gave_up,47,173,59,4,1,2.128,22,47,0,0,0,0,0,1,0
20260831_094025_improve-game-prior-prompts-from-lp85-vc33-sc25,59712856217e,2a659e0a594c,sc25-635fd71a,7,5,2,3.937904513689813,3.0,6,gave_up,69,265,76,4,2,2.899,26,69,1,0,0,0,0,1,0
20260831_094025_improve-game-prior-prompts-from-lp85-vc33-sc25,59712856217e,2a659e0a594c,sc25-635fd71a,8,5,3,0.0,0.0,6,gave_up,57,313,64,1,0,0.0,19,56,0,0,0,0,0,0,0
20260831_094025_improve-game-prior-prompts-from-lp85-vc33-sc25,59712856217e,2a659e0a594c,sc25-635fd71a,9,5,4,7.90408833240481,2.0,6,gave_up,49,175,57,3,1,2.041,12,49,0,0,0,0,0,1,0
20260831_094025_improve-game-prior-prompts-from-lp85-vc33-sc25,59712856217e,2a659e0a594c,sk48-d8078629,5,5,0,0.0,0.0,8,gave_up,29,110,44,1,0,0.0,8,28,0,0,0,0,0,0,0
20260831_094025_improve-game-prior-prompts-from-lp85-vc33-sc25,59712856217e,2a659e0a594c,sk48-d8078629,6,5,1,0.0,0.0,8,gave_up,33,132,40,1,2,6.061,11,32,0,0,0,0,0,2,0
20260831_094025_improve-game-prior-prompts-from-lp85-vc33-sc25,59712856217e,2a659e0a594c,sk48-d8078629,7,5,2,0.0,0.0,8,gave_up,39,214,50,1,1,2.564,12,39,1,0,0,0,0,0,0
20260831_094025_improve-game-prior-prompts-from-lp85-vc33-sc25,59712856217e,2a659e0a594c,sk48-d8078629,8,5,3,0.0,0.0,8,gave_up,34,129,48,1,2,5.882,12,33,0,0,0,0,0,2,0
20260831_094025_improve-game-prior-prompts-from-lp85-vc33-sc25,59712856217e,2a659e0a594c,sk48-d8078629,9,5,4,0.6308661566840278,1.0,8,gave_up,28,130,43,2,1,3.571,9,27,1,0,0,0,0,1,0
20260831_094025_improve-game-prior-prompts-from-lp85-vc33-sc25,59712856217e,2a659e0a594c,sp80-589a99af,5,5,0,0.23650145772594752,1.0,6,gave_up,37,255,46,2,4,10.811,18,36,0,1,0,1,1,2,0
20260831_094025_improve-game-prior-prompts-from-lp85-vc33-sc25,59712856217e,2a659e0a594c,sp80-589a99af,6,5,1,0.0,0.0,6,gave_up,63,744,67,1,8,12.698,28,61,4,0,0,3,0,2,0
20260831_094025_improve-game-prior-prompts-from-lp85-vc33-sc25,59712856217e,2a659e0a594c,sp80-589a99af,7,5,2,0.3397850038870869,1.0,6,gave_up,48,295,58,2,2,4.167,18,47,0,0,0,0,0,2,0
20260831_094025_improve-game-prior-prompts-from-lp85-vc33-sc25,59712856217e,2a659e0a594c,sp80-589a99af,8,5,3,3.741145218417946,1.0,6,gave_up,41,119,50,2,3,7.317,20,39,0,2,1,0,0,3,0
20260831_094025_improve-game-prior-prompts-from-lp85-vc33-sc25,59712856217e,2a659e0a594c,sp80-589a99af,9,5,4,0.0,0.0,6,gave_up,51,366,59,1,3,5.882,22,51,2,0,0,0,0,2,0
20260831_094025_improve-game-prior-prompts-from-lp85-vc33-sc25,59712856217e,2a659e0a594c,su15-1944f8ab,5,5,0,3.355473931231507,2.0,9,gave_up,79,165,81,3,4,5.063,24,79,1,0,0,1,1,2,0
20260831_094025_improve-game-prior-prompts-from-lp85-vc33-sc25,59712856217e,2a659e0a594c,su15-1944f8ab,6,5,1,1.5910585141354372,1.0,9,gave_up,48,121,60,2,1,2.083,21,46,1,0,0,0,0,0,0
20260831_094025_improve-game-prior-prompts-from-lp85-vc33-sc25,59712856217e,2a659e0a594c,su15-1944f8ab,7,5,2,2.2222222222222223,1.0,9,gave_up,39,106,51,2,3,7.692,13,38,2,0,0,0,0,2,0
20260831_094025_improve-game-prior-prompts-from-lp85-vc33-sc25,59712856217e,2a659e0a594c,su15-1944f8ab,8,5,3,2.2222222222222223,1.0,9,gave_up,42,107,54,2,2,4.762,21,42,1,0,0,0,0,1,0
20260831_094025_improve-game-prior-prompts-from-lp85-vc33-sc25,59712856217e,2a659e0a594c,su15-1944f8ab,9,5,4,2.2222222222222223,1.0,9,cancelled,31,56,45,2,2,6.452,15,30,0,1,1,0,0,1,0
20260831_094025_improve-game-prior-prompts-from-lp85-vc33-sc25,59712856217e,2a659e0a594c,tn36-ef4dde99,5,5,0,10.714285714285714,2.0,7,gave_up,48,285,56,3,1,2.083,17,48,1,0,0,0,0,0,0
20260831_094025_improve-game-prior-prompts-from-lp85-vc33-sc25,59712856217e,2a659e0a594c,tn36-ef4dde99,6,5,1,2.285714285714286,1.0,7,gave_up,53,202,64,2,1,1.887,12,51,1,0,0,0,0,0,0
20260831_094025_improve-game-prior-prompts-from-lp85-vc33-sc25,59712856217e,2a659e0a594c,tn36-ef4dde99,7,5,2,0.0,0.0,7,gave_up,56,597,65,1,1,1.786,18,47,1,0,1,0,0,0,0
20260831_094025_improve-game-prior-prompts-from-lp85-vc33-sc25,59712856217e,2a659e0a594c,tn36-ef4dde99,8,5,3,0.0,0.0,7,gave_up,76,550,84,1,1,1.316,19,59,1,0,0,0,0,1,0
20260831_094025_improve-game-prior-prompts-from-lp85-vc33-sc25,59712856217e,2a659e0a594c,tn36-ef4dde99,9,5,4,0.0,0.0,7,gave_up,41,130,55,1,2,4.878,18,40,1,1,1,0,0,0,0
20260831_094025_improve-game-prior-prompts-from-lp85-vc33-sc25,59712856217e,2a659e0a594c,tr87-cd924810,5,5,0,1.1269957215903164,1.0,6,gave_up,22,241,42,2,1,4.545,9,22,0,0,0,1,0,1,0
20260831_094025_improve-game-prior-prompts-from-lp85-vc33-sc25,59712856217e,2a659e0a594c,tr87-cd924810,6,5,1,0.0,0.0,6,gave_up,18,122,39,1,0,0.0,1,2,0,0,0,0,0,0,0
20260831_094025_improve-game-prior-prompts-from-lp85-vc33-sc25,59712856217e,2a659e0a594c,tr87-cd924810,7,5,2,0.3089559070335148,1.0,6,gave_up,27,212,49,2,0,0.0,9,25,0,0,0,0,0,0,0
20260831_094025_improve-game-prior-prompts-from-lp85-vc33-sc25,59712856217e,2a659e0a594c,tr87-cd924810,8,5,3,11.949631331992723,2.0,6,gave_up,22,210,44,3,0,0.0,7,22,0,0,0,0,0,0,0
20260831_094025_improve-game-prior-prompts-from-lp85-vc33-sc25,59712856217e,2a659e0a594c,tr87-cd924810,9,5,4,0.0,0.0,6,cancelled,18,177,32,1,2,11.111,8,18,1,0,0,0,0,1,0
20260831_094025_improve-game-prior-prompts-from-lp85-vc33-sc25,59712856217e,2a659e0a594c,tu93-0768757b,5,5,0,14.480234949899973,4.0,9,gave_up,30,177,42,5,1,3.333,10,29,1,0,0,0,0,0,0
20260831_094025_improve-game-prior-prompts-from-lp85-vc33-sc25,59712856217e,2a659e0a594c,tu93-0768757b,6,5,1,6.996484271153412,3.0,9,gave_up,20,127,35,4,2,10.0,12,18,1,1,0,0,0,1,0
20260831_094025_improve-game-prior-prompts-from-lp85-vc33-sc25,59712856217e,2a659e0a594c,tu93-0768757b,7,5,2,19.904970585751485,4.0,9,gave_up,23,155,31,5,1,4.348,11,22,1,0,0,0,0,0,0
20260831_094025_improve-game-prior-prompts-from-lp85-vc33-sc25,59712856217e,2a659e0a594c,tu93-0768757b,8,5,3,18.313593306805426,4.0,9,gave_up,36,245,45,5,1,2.778,5,21,0,0,0,0,0,1,0
20260831_094025_improve-game-prior-prompts-from-lp85-vc33-sc25,59712856217e,2a659e0a594c,tu93-0768757b,9,5,4,22.22222222222222,4.0,9,gave_up,21,130,30,5,2,9.524,5,20,0,0,0,0,0,2,0
20260831_094025_improve-game-prior-prompts-from-lp85-vc33-sc25,59712856217e,2a659e0a594c,vc33-5430563c,5,5,0,16.794776734223102,3.0,7,gave_up,43,183,50,4,1,2.326,18,41,0,1,0,0,0,1,0
20260831_094025_improve-game-prior-prompts-from-lp85-vc33-sc25,59712856217e,2a659e0a594c,vc33-5430563c,6,5,1,21.428571428571427,3.0,7,gave_up,36,108,45,4,0,0.0,1,2,0,0,0,0,0,0,0
20260831_094025_improve-game-prior-prompts-from-lp85-vc33-sc25,59712856217e,2a659e0a594c,vc33-5430563c,7,5,2,35.714285714285715,4.0,7,gave_up,43,206,50,5,5,11.628,18,43,0,2,1,2,0,3,0
20260831_094025_improve-game-prior-prompts-from-lp85-vc33-sc25,59712856217e,2a659e0a594c,vc33-5430563c,8,5,3,7.748393475037074,2.0,7,gave_up,28,176,33,3,7,25.0,17,26,2,1,0,0,1,3,0
20260831_094025_improve-game-prior-prompts-from-lp85-vc33-sc25,59712856217e,2a659e0a594c,vc33-5430563c,9,5,4,17.1169649036085,3.0,7,gave_up,45,147,51,4,5,11.111,20,44,1,1,0,0,2,1,0
20260831_094025_improve-game-prior-prompts-from-lp85-vc33-sc25,59712856217e,2a659e0a594c,wa30-ee6fef47,5,5,0,0.7526351936456747,1.0,9,gave_up,40,182,43,2,0,0.0,0,0,0,0,0,0,0,0,0
20260831_094025_improve-game-prior-prompts-from-lp85-vc33-sc25,59712856217e,2a659e0a594c,wa30-ee6fef47,6,5,1,0.0,0.0,9,gave_up,67,231,72,1,6,8.955,20,66,1,0,0,1,0,5,0
20260831_094025_improve-game-prior-prompts-from-lp85-vc33-sc25,59712856217e,2a659e0a594c,wa30-ee6fef47,7,5,2,0.32731109487866245,1.0,9,gave_up,48,322,54,2,5,10.417,14,47,0,1,0,0,0,4,0
20260831_094025_improve-game-prior-prompts-from-lp85-vc33-sc25,59712856217e,2a659e0a594c,wa30-ee6fef47,8,5,3,1.7073955528459417,1.0,9,gave_up,33,115,39,2,8,24.242,15,25,3,0,0,0,0,6,0
20260831_094025_improve-game-prior-prompts-from-lp85-vc33-sc25,59712856217e,2a659e0a594c,wa30-ee6fef47,9,5,4,1.8412594053619695,1.0,9,gave_up,30,137,40,2,4,13.333,9,29,1,0,0,0,0,4,0
